0,0
0,0
0,0
0,0
0,0
0,0
0,0
0,1
0,1
0,1
0,1
0,1
0,1
0,2
0,2
0,2
0,2
0,2
0,2
0,3
1,3
1,3
1,3
1,3
1,3
1,4
1,4
1,4
1,4
1,4
1,4
1,5
1,5
1,5
1,5
1,5
1,5
1,6
1,6
1,6
2,6
2,6
2,7
2,7
2,7
2,7
2,7
2,7
2,7
2,8
2,8
2,8
2,8
2,8
2,8
2,9
2,9
2,9
2,9
3,9
3,9
3,10
3,10
3,10
3,10
3,10
3,10
3,11
3,11
3,11
3,11
3,11
3,12
3,12
3,12
3,12
3,12
3,12
3,12
4,13
4,13
4,13
4,13
4,13
4,14
4,14
4,14
4,14
4,14
4,14
4,14
4,15
4,15
4,15
4,15
4,15
4,16
4,16
4,16
5,16
5,16
5,16
5,16
5,17
5,17
5,17
5,17
5,17
5,17
5,18
5,18
5,18
5,18
5,18
5,18
5,19
5,19
5,19
6,19
6,19
6,19
6,20
6,20
6,20
6,20
6,20
6,21
6,21
6,21
6,21
6,21
6,21
6,21
6,22
6,22
6,22
6,22
6,22
7,23
7,23
7,23
7,23
7,23
7,23
7,23
7,24
7,24
7,24
7,24
7,24
7,25
7,25
7,25
7,25
7,25
7,25
7,25
8,26
8,26
8,26
8,26
8,26
8,26
8,27
8,27
8,27
8,27
8,27
8,27
8,28
8,28
8,28
8,28
8,28
8,28
8,29
8,29
9,29
9,29
9,29
9,29
9,30
9,30
9,30
9,30
9,30
9,30
9,31
9,31
9,31
9,31
9,31
9,31
9,32
9,32
9,32
10,32
10,32
10,32
10,33
10,33
10,33
10,33
10,33
10,33
10,34
10,34
10,34
10,34
10,34
10,34
10,35
10,35
10,35
10,35
10,35
11,35
11,36
11,36
11,36
11,36
11,36
11,36
11,37
11,37
11,37
11,37
11,37
11,37
11,38
11,38
11,38
11,38
11,38
11,38
12,39
12,39
12,39
12,39
12,39
12,39
12,40
12,40
12,40
12,40
12,40
12,40
12,41
12,41
12,41
12,41
12,41
12,41
12,42
12,42
13,42
13,42
13,42
13,42
13,43
13,43
13,43
13,43
13,43
13,43
13,44
13,44
13,44
13,44
13,44
13,44
13,45
13,45
13,45
14,45
14,45
14,45
14,46
14,46
14,46
14,46
14,46
14,46
14,47
14,47
14,47
14,47
14,47
14,47
14,48
14,48
14,48
14,48
14,48
15,48
15,49
15,49
15,49
15,49
15,49
15,49
15,50
15,50
15,50
15,50
15,50
15,50
15,51
15,51
15,51
15,51
15,51
15,51
16,52
16,52
16,52
16,52
16,52
16,52
16,53
16,53
16,53
16,53
16,53
16,53
16,54
16,54
16,54
16,54
16,54
16,54
16,55
17,55
17,55
17,55
17,55
17,55
17,56
17,56
17,56
17,56
17,56
17,56
17,57
17,57
17,57
17,57
17,57
17,57
17,58
17,58
17,58
18,58
18,58
18,58
18,58
18,59
18,59
18,59
18,59
18,59
18,60
18,60
18,60
18,60
18,60
18,60
18,60
18,61
18,61
18,61
19,61
19,61
19,62
19,62
19,62
19,62
19,62
19,62
19,62
19,63
19,63
19,63
19,63
19,63
19,64
19,64
19,64
19,64
19,64
19,64
20,64
20,65
20,65
20,65
20,65
20,65
20,65
20,66
20,66
20,66
20,66
20,66
20,66
20,67
20,67
20,67
20,67
20,67
20,67
21,68
21,68
21,68
21,68
21,68
21,68
21,69
21,69
21,69
21,69
21,69
21,69
21,70
21,70
21,70
21,70
21,70
21,70
21,71
22,71
22,71
22,71
22,71
22,71
22,72
22,72
22,72
22,72
22,72
22,72
22,73
22,73
22,73
22,73
22,73
22,73
22,74
22,74
22,74
23,74
23,74
23,74
23,75
23,75
23,75
23,75
23,75
23,75
23,76
23,76
23,76
23,76
23,76
23,76
23,77
23,77
23,77
23,77
24,77
24,77
24,78
24,78
24,78
24,78
24,78
24,78
24,79
24,79
24,79
24,79
24,79
24,79
24,80
24,80
24,80
24,80
24,80
25,80
25,80
25,81
25,81
25,81
25,81
25,81
25,82
25,82
25,82
25,82
25,82
25,82
25,82
25,83
25,83
25,83
25,83
25,83
25,83
26,84
26,84
26,84
26,84
26,84
26,84
26,85
26,85
26,85
26,85
26,85
26,85
26,86
26,86
26,86
26,86
26,86
26,86
26,87
27,87
27,87
27,87
27,87
27,87
27,88
27,88
27,88
27,88
27,88
27,88
27,89
27,89
27,89
27,89
27,89
27,89
27,90
27,90
28,90
28,90
28,90
28,90
28,91
28,91
28,91
28,91
28,91
28,91
28,92
28,92
28,92
28,92
28,92
28,92
28,93
28,93
28,93
29,93
29,93
29,93
29,94
29,94
29,94
29,94
29,94
29,94
29,94
29,95
29,95
29,95
29,95
29,95
29,96
29,96
29,96
29,96
30,96
30,96
30,96
30,97
30,97
30,97
30,97
30,97
30,97
30,98
30,98
30,98
30,98
30,98
30,98
30,99
30,99
30,99
30,99
30,99
31,99
31,100
31,100
31,100
31,100
31,100
31,100
31,101
31,101
31,101
31,101
31,101
31,101
31,102
31,102
31,102
31,102
31,102
31,102
32,103
32,103
32,103
32,103
32,103
32,103
32,104
32,104
32,104
32,104
32,104
32,104
32,105
32,105
32,105
32,105
32,105
32,105
32,106
33,106
33,106
33,106
33,106
33,106
33,107
33,107
33,107
33,107
33,107
33,107
33,107
33,108
33,108
33,108
33,108
33,108
33,108
33,109
34,109
34,109
34,109
34,109
34,109
34,110
34,110
34,110
34,110
34,110
34,110
34,111
34,111
34,111
34,111
34,111
34,111
34,112
34,112
35,112
35,112
35,112
35,112
35,113
35,113
35,113
35,113
35,113
35,113
35,114
35,114
35,114
35,114
35,114
35,114
35,115
35,115
35,115
36,115
36,115
36,115
36,116
36,116
36,116
36,116
36,116
36,116
36,117
36,117
36,117
36,117
36,117
36,117
36,117
36,118
36,118
36,118
37,118
37,118
37,118
37,119
37,119
37,119
37,119
37,119
37,119
37,120
37,120
37,120
37,120
37,120
37,120
37,121
37,121
37,121
37,121
37,121
38,121
38,122
38,122
38,122
38,122
38,122
38,122
38,123
38,123
38,123
38,123
38,123
38,123
38,124
38,124
38,124
38,124
38,124
38,124
39,125
39,125
39,125
39,125
39,125
39,125
39,126
39,126
39,126
39,126
39,126
39,126
39,126
39,127
39,127
39,127
39,127
39,127
39,128
40,128
40,128
40,128
40,128
40,128
40,128
40,129
40,129
40,129
40,129
40,129
40,129
40,130
40,130
40,130
40,130
40,130
40,130
40,131
41,131
41,131
41,131
41,131
41,131
41,132
41,132
41,132
41,132
41,132
41,132
41,133
41,133
41,133
41,133
41,133
41,133
41,134
41,134
42,134
42,134
42,134
42,134
42,135
42,135
42,135
42,135
42,135
42,135
42,135
42,136
42,136
42,136
42,136
42,136
42,136
42,137
42,137
43,137
43,137
43,137
43,137
43,138
43,138
43,138
43,138
43,138
43,138
43,139
43,139
43,139
43,139
43,139
43,139
43,140
43,140
43,140
44,140
44,140
44,140
44,141
44,141
44,141
44,141
44,141
44,141
44,142
44,142
44,142
44,142
44,142
44,142
44,142
44,143
44,143
44,143
45,143
45,143
45,144
45,144
45,144
45,144
45,144
45,144
45,144
45,145
45,145
45,145
45,145
45,145
45,145
45,146
45,146
45,146
45,146
46,146
46,146
46,147
46,147
46,147
46,147
46,147
46,147
46,148
46,148
46,148
46,148
46,148
46,148
46,149
46,149
46,149
46,149
46,149
47,149
47,150
47,150
47,150
47,150
47,150
47,150
47,151
47,151
47,151
47,151
47,151
47,151
47,151
47,152
47,152
47,152
47,152
48,152
48,152
48,153
48,153
48,153
48,153
48,153
48,153
48,154
48,154
48,154
48,154
48,154
48,154
48,155
48,155
48,155
48,155
48,155
48,155
49,156
49,156
49,156
49,156
49,156
49,156
49,157
49,157
49,157
49,157
49,157
49,157
49,157
49,158
49,158
49,158
49,158
49,158
50,158
50,159
50,159
50,159
50,159
50,159
50,159
50,160
50,160
50,160
50,160
50,160
50,160
50,161
50,161
50,161
50,161
50,161
50,161
51,162
51,162
51,162
51,162
51,162
51,162
51,163
51,163
51,163
51,163
51,163
51,163
51,164
51,164
51,164
51,164
51,164
51,164
51,164
52,165
52,165
52,165
52,165
52,165
52,165
52,166
52,166
52,166
52,166
52,166
52,166
52,167
52,167
52,167
52,167
52,167
52,167
52,168
53,168
53,168
53,168
53,168
53,168
53,169
53,169
53,169
53,169
53,169
53,169
53,169
53,170
53,170
53,170
53,170
53,170
53,170
53,171
54,171
54,171
54,171
54,171
54,171
54,172
54,172
54,172
54,172
54,172
54,172
54,173
54,173
54,173
54,173
54,173
54,173
54,174
54,174
55,174
55,174
55,174
55,174
55,175
55,175
55,175
55,175
55,175
55,175
55,175
55,176
55,176
55,176
55,176
55,176
55,176
55,177
56,177
56,177
56,177
56,177
56,177
56,178
56,178
56,178
56,178
56,178
56,178
56,179
56,179
56,179
56,179
56,179
56,179
56,180
56,180
57,180
57,180
57,180
57,180
57,181
57,181
57,181
57,181
57,181
57,181
57,182
57,182
57,182
57,182
57,182
57,182
57,182
57,183
57,183
58,183
58,183
58,183
58,183
58,184
58,184
58,184
58,184
58,184
58,184
58,185
58,185
58,185
58,185
58,185
58,185
58,186
58,186
58,186
59,186
59,186
59,186
59,186
59,187
59,187
59,187
59,187
59,187
59,187
59,188
59,188
59,188
59,188
59,188
59,188
59,189
59,189
60,189
60,189
60,189
60,189
60,190
60,190
60,190
60,190
60,190
60,190
60,191
60,191
60,191
60,191
60,191
60,191
60,191
60,192
60,192
61,192
61,192
61,192
61,192
61,193
61,193
61,193
61,193
61,193
61,193
61,194
61,194
61,194
61,194
61,194
61,194
61,195
61,195
61,195
62,195
62,195
62,195
62,196
62,196
62,196
62,196
62,196
62,196
62,196
62,197
62,197
62,197
62,197
62,197
62,197
62,198
62,198
62,198
63,198
63,198
63,198
63,199
63,199
63,199
63,199
63,199
63,199
63,200
63,200
63,200
63,200
63,200
63,200
63,201
63,201
63,201
64,201
64,201
64,201
64,201
64,202
64,202
64,202
64,202
64,202
64,202
64,203
64,203
64,203
64,203
64,203
64,203
64,204
64,204
64,204
65,204
65,204
65,204
65,205
65,205
65,205
65,205
65,205
65,205
65,205
65,206
65,206
65,206
65,206
65,206
65,206
65,207
65,207
66,207
66,207
66,207
66,207
66,208
66,208
66,208
66,208
66,208
66,208
66,209
66,209
66,209
66,209
66,209
66,209
66,210
66,210
66,210
67,210
67,210
67,210
67,210
67,211
67,211
67,211
67,211
67,211
67,211
67,212
67,212
67,212
67,212
67,212
67,212
67,213
67,213
67,213
68,213
68,213
68,213
68,214
68,214
68,214
68,214
68,214
68,214
68,214
68,215
68,215
68,215
68,215
68,215
68,215
68,216
68,216
69,216
69,216
69,216
69,216
69,217
69,217
69,217
69,217
69,217
69,217
69,217
69,218
69,218
69,218
69,218
69,218
69,218
69,219
69,219
70,219
70,219
70,219
70,219
70,220
70,220
70,220
70,220
70,220
70,220
70,221
70,221
70,221
70,221
70,221
70,221
70,222
70,222
71,222
71,222
71,222
71,222
71,223
71,223
71,223
71,223
71,223
71,223
71,223
71,224
71,224
71,224
71,224
71,224
71,224
71,225
71,225
72,225
72,225
72,225
72,225
72,226
72,226
72,226
72,226
72,226
72,226
72,226
72,227
72,227
72,227
72,227
72,227
72,227
72,228
73,228
73,228
73,228
73,228
73,228
73,229
73,229
73,229
73,229
73,229
73,229
73,230
73,230
73,230
73,230
73,230
73,230
73,230
74,231
74,231
74,231
74,231
74,231
74,231
74,232
74,232
74,232
74,232
74,232
74,232
74,233
74,233
74,233
74,233
74,233
74,233
74,233
75,234
75,234
75,234
75,234
75,234
75,234
75,235
75,235
75,235
75,235
75,235
75,235
75,236
75,236
75,236
75,236
75,236
75,236
75,237
76,237
76,237
76,237
76,237
76,237
76,237
76,238
76,238
76,238
76,238
76,238
76,238
76,239
76,239
76,239
76,239
76,239
76,239
77,240
77,240
77,240
77,240
77,240
77,240
77,241
77,241
77,241
77,241
77,241
77,241
77,241
77,242
77,242
77,242
77,242
77,242
78,242
78,243
78,243
78,243
78,243
78,243
78,243
78,244
78,244
78,244
78,244
78,244
78,244
78,244
78,245
78,245
78,245
78,245
79,245
79,245
79,246
79,246
79,246
79,246
79,246
79,246
79,247
79,247
79,247
79,247
79,247
79,247
79,248
79,248
79,248
79,248
79,248
80,248
80,248
80,249
80,249
80,249
80,249
80,249
80,249
80,250
80,250
80,250
80,250
80,250
80,250
80,251
80,251
80,251
80,251
81,251
81,251
81,251
81,252
81,252
81,252
81,252
81,252
81,252
81,253
81,253
81,253
81,253
81,253
81,253
81,254
81,254
81,254
82,254
82,254
82,254
82,254
82,255
82,255
82,255
82,255
82,255
82,255
82,256
82,256
82,256
82,256
82,256
82,256
82,257
82,257
82,257
83,257
83,257
83,257
83,257
83,258
83,258
83,258
83,258
83,258
83,258
83,259
83,259
83,259
83,259
83,259
83,259
83,260
83,260
84,260
84,260
84,260
84,260
84,260
84,261
84,261
84,261
84,261
84,261
84,261
84,262
84,262
84,262
84,262
84,262
84,262
84,263
85,263
85,263
85,263
85,263
85,263
85,264
85,264
85,264
85,264
85,264
85,264
85,264
85,265
85,265
85,265
85,265
85,265
85,265
85,266
86,266
86,266
86,266
86,266
86,266
86,266
86,267
86,267
86,267
86,267
86,267
86,267
86,268
86,268
86,268
86,268
86,268
86,268
87,269
87,269
87,269
87,269
87,269
87,269
87,269
87,270
87,270
87,270
87,270
87,270
87,270
87,271
87,271
87,271
87,271
87,271
88,271
88,272
88,272
88,272
88,272
88,272
88,272
88,273
88,273
88,273
88,273
88,273
88,273
88,273
88,274
88,274
88,274
88,274
89,274
89,274
89,275
89,275
89,275
89,275
89,275
89,275
89,275
89,276
89,276
89,276
89,276
89,276
89,276
89,277
89,277
89,277
90,277
90,277
90,277
90,278
90,278
90,278
90,278
90,278
90,278
90,278
90,279
90,279
90,279
90,279
90,279
90,279
90,280
90,280
91,280
91,280
91,280
91,280
91,280
91,281
91,281
91,281
91,281
91,281
91,281
91,282
91,282
91,282
91,282
91,282
91,282
91,283
91,283
92,283
92,283
92,283
92,283
92,283
92,284
92,284
92,284
92,284
92,284
92,284
92,285
92,285
92,285
92,285
92,285
92,285
92,286
93,286
93,286
93,286
93,286
93,286
93,286
93,287
93,287
93,287
93,287
93,287
93,287
93,288
93,288
93,288
93,288
93,288
93,288
94,289
94,289
94,289
94,289
94,289
94,289
94,289
94,290
94,290
94,290
94,290
94,290
94,290
94,291
94,291
94,291
94,291
94,291
95,291
95,291
95,292
95,292
95,292
95,292
95,292
95,292
95,293
95,293
95,293
95,293
95,293
95,293
95,294
95,294
95,294
95,294
96,294
96,294
96,294
96,295
96,295
96,295
96,295
96,295
96,295
96,296
96,296
96,296
96,296
96,296
96,296
96,296
96,297
96,297
97,297
97,297
97,297
97,297
97,298
97,298
97,298
97,298
97,298
97,298
97,299
97,299
97,299
97,299
97,299
97,299
97,299
97,300
98,300
98,300
98,300
98,300
98,300
98,301
98,301
98,301
98,301
98,301
98,301
98,301
98,302
98,302
98,302
98,302
98,302
98,302
99,303
99,303
99,303
99,303
99,303
99,303
99,303
99,304
99,304
99,304
99,304
99,304
99,304
99,305
99,305
99,305
99,305
99,305
100,305
100,306
100,306
100,306
100,306
100,306
100,306
100,306
100,307
100,307
100,307
100,307
100,307
100,307
100,308
100,308
100,308
100,308
101,308
101,308
101,308
101,309
101,309
101,309
101,309
101,309
101,309
101,310
101,310
101,310
101,310
101,310
101,310
101,310
101,311
101,311
102,311
102,311
102,311
102,311
102,312
102,312
102,312
102,312
102,312
102,312
102,313
102,313
102,313
102,313
102,313
102,313
102,313
103,314
103,314
103,314
103,314
103,314
103,314
103,315
103,315
103,315
103,315
103,315
103,315
103,316
103,316
103,316
103,316
103,316
103,316
104,316
104,317
104,317
104,317
104,317
104,317
104,317
104,317
104,318
104,318
104,318
104,318
104,318
104,318
104,319
104,319
104,319
104,319
105,319
105,319
105,319
105,320
105,320
105,320
105,320
105,320
105,320
105,321
105,321
105,321
105,321
105,321
105,321
105,322
105,322
105,322
106,322
106,322
106,322
106,322
106,323
106,323
106,323
106,323
106,323
106,323
106,324
106,324
106,324
106,324
106,324
106,324
106,324
106,325
107,325
107,325
107,325
107,325
107,325
107,326
107,326
107,326
107,326
107,326
107,326
107,326
107,327
107,327
107,327
107,327
107,327
108,327
108,328
108,328
108,328
108,328
108,328
108,328
108,328
108,329
108,329
108,329
108,329
108,329
108,329
108,330
108,330
108,330
108,330
109,330
109,330
109,330
109,331
109,331
109,331
109,331
109,331
109,331
109,332
109,332
109,332
109,332
109,332
109,332
109,332
109,333
109,333
110,333
110,333
110,333
110,333
110,334
110,334
110,334
110,334
110,334
110,334
110,334
110,335
110,335
110,335
110,335
110,335
110,335
110,336
111,336
111,336
111,336
111,336
111,336
111,336
111,337
111,337
111,337
111,337
111,337
111,337
111,338
111,338
111,338
111,338
111,338
111,338
112,339
112,339
112,339
112,339
112,339
112,339
112,339
112,340
112,340
112,340
112,340
112,340
112,340
112,341
112,341
112,341
112,341
113,341
113,341
113,341
113,342
113,342
113,342
113,342
113,342
113,342
113,342
113,343
113,343
113,343
113,343
113,343
113,343
113,344
113,344
114,344
114,344
114,344
114,344
114,344
114,345
114,345
114,345
114,345
114,345
114,345
114,346
114,346
114,346
114,346
114,346
114,346
114,346
115,347
115,347
115,347
115,347
115,347
115,347
115,348
115,348
115,348
115,348
115,348
115,348
115,348
115,349
115,349
115,349
115,349
116,349
116,349
116,350
116,350
116,350
116,350
116,350
116,350
116,350
116,351
116,351
116,351
116,351
116,351
116,351
116,351
116,352
116,352
117,352
117,352
117,352
117,352
117,353
117,353
117,353
117,353
117,353
117,353
117,353
117,354
117,354
117,354
117,354
117,354
117,354
118,355
118,355
118,355
118,355
118,355
118,355
118,355
118,356
118,356
118,356
118,356
118,356
118,356
118,357
118,357
118,357
118,357
118,357
119,357
119,357
119,358
119,358
119,358
119,358
119,358
119,358
119,359
119,359
119,359
119,359
119,359
119,359
119,359
119,360
119,360
120,360
120,360
120,360
120,360
120,360
120,361
120,361
120,361
120,361
120,361
120,361
120,362
120,362
120,362
120,362
120,362
120,362
120,362
121,363
121,363
121,363
121,363
121,363
121,363
121,364
121,364
121,364
121,364
121,364
121,364
121,364
121,365
121,365
121,365
121,365
122,365
122,365
122,366
122,366
122,366
122,366
122,366
122,366
122,366
122,367
122,367
122,367
122,367
122,367
122,367
122,367
122,368
122,368
123,368
123,368
123,368
123,368
123,369
123,369
123,369
123,369
123,369
123,369
123,369
123,370
123,370
123,370
123,370
123,370
123,370
124,371
124,371
124,371
124,371
124,371
124,371
124,371
124,372
124,372
124,372
124,372
124,372
124,372
124,373
124,373
124,373
124,373
124,373
125,373
125,373
125,374
125,374
125,374
125,374
125,374
125,374
125,374
125,375
125,375
125,375
125,375
125,375
125,375
125,376
125,376
126,376
126,376
126,376
126,376
126,376
126,377
126,377
126,377
126,377
126,377
126,377
126,377
126,378
126,378
126,378
126,378
126,378
126,378
127,379
127,379
127,379
127,379
127,379
127,379
127,379
127,380
127,380
127,380
127,380
127,380
127,380
127,380
127,381
127,381
127,381
128,381
128,381
128,381
128,382
128,382
128,382
128,382
128,382
128,382
128,382
128,383
128,383
128,383
128,383
128,383
128,383
128,383
129,384
129,384
129,384
129,384
129,384
129,384
129,385
129,385
129,385
129,385
129,385
129,385
129,385
129,386
129,386
129,386
129,386
129,386
130,386
130,387
130,387
130,387
130,387
130,387
130,387
130,387
130,388
130,388
130,388
130,388
130,388
130,388
130,388
130,389
130,389
131,389
131,389
131,389
131,389
131,390
131,390
131,390
131,390
131,390
131,390
131,390
131,391
131,391
131,391
131,391
131,391
131,391
132,391
132,392
132,392
132,392
132,392
132,392
132,392
132,393
132,393
132,393
132,393
132,393
132,393
132,393
132,394
132,394
132,394
133,394
133,394
133,394
133,394
133,395
133,395
133,395
133,395
133,395
133,395
133,396
133,396
133,396
133,396
133,396
133,396
133,396
133,397
134,397
134,397
134,397
134,397
134,397
134,397
134,398
134,398
134,398
134,398
134,398
134,398
134,399
134,399
134,399
134,399
134,399
135,399
135,399
135,400
135,400
135,400
135,400
135,400
135,400
135,400
135,401
135,401
135,401
135,401
135,401
135,401
135,401
135,402
136,402
136,402
136,402
136,402
136,402
136,403
136,403
136,403
136,403
136,403
136,403
136,403
136,404
136,404
136,404
136,404
136,404
137,404
137,404
137,405
137,405
137,405
137,405
137,405
137,405
137,406
137,406
137,406
137,406
137,406
137,406
137,406
137,407
137,407
138,407
138,407
138,407
138,407
138,407
138,408
138,408
138,408
138,408
138,408
138,408
138,408
138,409
138,409
138,409
138,409
138,409
138,409
139,410
139,410
139,410
139,410
139,410
139,410
139,410
139,411
139,411
139,411
139,411
139,411
139,411
139,411
139,412
139,412
139,412
140,412
140,412
140,412
140,412
140,413
140,413
140,413
140,413
140,413
140,413
140,414
140,414
140,414
140,414
140,414
140,414
140,414
141,415
141,415
141,415
141,415
141,415
141,415
141,415
141,416
141,416
141,416
141,416
141,416
141,416
141,416
141,417
141,417
141,417
142,417
142,417
142,417
142,418
142,418
142,418
142,418
142,418
142,418
142,418
142,419
142,419
142,419
142,419
142,419
142,419
142,419
143,420
143,420
143,420
143,420
143,420
143,420
143,420
143,421
143,421
143,421
143,421
143,421
143,421
143,422
143,422
143,422
143,422
144,422
144,422
144,422
144,423
144,423
144,423
144,423
144,423
144,423
144,423
144,424
144,424
144,424
144,424
144,424
144,424
144,424
145,425
145,425
145,425
145,425
145,425
145,425
145,425
145,426
145,426
145,426
145,426
145,426
145,426
145,427
145,427
145,427
145,427
146,427
146,427
146,427
146,428
146,428
146,428
146,428
146,428
146,428
146,428
146,429
146,429
146,429
146,429
146,429
146,429
146,429
147,430
147,430
147,430
147,430
147,430
147,430
147,430
147,431
147,431
147,431
147,431
147,431
147,431
147,432
147,432
147,432
147,432
148,432
148,432
148,432
148,433
148,433
148,433
148,433
148,433
148,433
148,433
148,434
148,434
148,434
148,434
148,434
148,434
148,434
149,435
149,435
149,435
149,435
149,435
149,435
149,435
149,436
149,436
149,436
149,436
149,436
149,436
149,437
149,437
149,437
150,437
150,437
150,437
150,437
150,438
150,438
150,438
150,438
150,438
150,438
150,438
150,439
150,439
150,439
150,439
150,439
150,439
151,439
151,440
151,440
151,440
151,440
151,440
151,440
151,440
151,441
151,441
151,441
151,441
151,441
151,441
151,441
151,442
151,442
152,442
152,442
152,442
152,442
152,442
152,443
152,443
152,443
152,443
152,443
152,443
152,443
152,444
152,444
152,444
152,444
152,444
153,444
153,444
153,445
153,445
153,445
153,445
153,445
153,445
153,446
153,446
153,446
153,446
153,446
153,446
153,446
153,447
153,447
154,447
154,447
154,447
154,447
154,447
154,448
154,448
154,448
154,448
154,448
154,448
154,448
154,449
154,449
154,449
154,449
154,449
155,449
155,449
155,450
155,450
155,450
155,450
155,450
155,450
155,450
155,451
155,451
155,451
155,451
155,451
155,451
155,451
156,452
156,452
156,452
156,452
156,452
156,452
156,452
156,453
156,453
156,453
156,453
156,453
156,453
156,453
156,454
156,454
156,454
157,454
157,454
157,454
157,455
157,455
157,455
157,455
157,455
157,455
157,455
157,456
157,456
157,456
157,456
157,456
157,456
157,456
158,457
158,457
158,457
158,457
158,457
158,457
158,457
158,458
158,458
158,458
158,458
158,458
158,458
158,458
158,459
158,459
159,459
159,459
159,459
159,459
159,459
159,460
159,460
159,460
159,460
159,460
159,460
159,460
159,461
159,461
159,461
159,461
159,461
160,461
160,461
160,462
160,462
160,462
160,462
160,462
160,462
160,462
160,463
160,463
160,463
160,463
160,463
160,463
160,463
160,464
161,464
161,464
161,464
161,464
161,464
161,464
161,465
161,465
161,465
161,465
161,465
161,465
161,465
161,466
161,466
161,466
162,466
162,466
162,466
162,466
162,467
162,467
162,467
162,467
162,467
162,467
162,467
162,468
162,468
162,468
162,468
162,468
162,468
163,468
163,469
163,469
163,469
163,469
163,469
163,469
163,469
163,470
163,470
163,470
163,470
163,470
163,470
163,470
163,471
164,471
164,471
164,471
164,471
164,471
164,471
164,472
164,472
164,472
164,472
164,472
164,472
164,472
164,473
164,473
164,473
164,473
165,473
165,473
165,473
165,474
165,474
165,474
165,474
165,474
165,474
165,474
165,475
165,475
165,475
165,475
165,475
165,475
166,475
166,476
166,476
166,476
166,476
166,476
166,476
166,476
166,477
166,477
166,477
166,477
166,477
166,477
166,477
166,478
166,478
167,478
167,478
167,478
167,478
167,478
167,479
167,479
167,479
167,479
167,479
167,479
167,479
167,480
167,480
167,480
167,480
167,480
168,480
168,480
168,481
168,481
168,481
168,481
168,481
168,481
168,481
168,482
168,482
168,482
168,482
168,482
168,482
168,482
169,483
169,483
169,483
169,483
169,483
169,483
169,483
169,483
169,484
169,484
169,484
169,484
169,484
169,484
169,485
169,485
170,485
170,485
170,485
170,485
170,485
170,485
170,486
170,486
170,486
170,486
170,486
170,486
170,486
170,487
170,487
170,487
170,487
171,487
171,487
171,487
171,488
171,488
171,488
171,488
171,488
171,488
171,488
171,489
171,489
171,489
171,489
171,489
171,489
172,489
172,490
172,490
172,490
172,490
172,490
172,490
172,490
172,491
172,491
172,491
172,491
172,491
172,491
172,491
172,492
172,492
173,492
173,492
173,492
173,492
173,492
173,493
173,493
173,493
173,493
173,493
173,493
173,493
173,494
173,494
173,494
173,494
174,494
174,494
174,494
174,494
174,495
174,495
174,495
174,495
174,495
174,495
174,495
174,496
174,496
174,496
174,496
174,496
175,496
175,496
175,497
175,497
175,497
175,497
175,497
175,497
175,497
175,498
175,498
175,498
175,498
175,498
175,498
175,498
175,499
176,499
176,499
176,499
176,499
176,499
176,499
176,500
176,500
176,500
176,500
176,500
176,500
176,500
176,501
176,501
176,501
177,501
177,501
177,501
177,501
177,501
177,502
177,502
177,502
177,502
177,502
177,502
177,502
177,503
177,503
177,503
177,503
178,503
178,503
178,503
178,504
178,504
178,504
178,504
178,504
178,504
178,504
178,505
178,505
178,505
178,505
178,505
178,505
179,505
179,505
179,506
179,506
179,506
179,506
179,506
179,506
179,507
179,507
179,507
179,507
179,507
179,507
179,507
179,507
180,508
180,508
180,508
180,508
180,508
180,508
180,508
180,509
180,509
180,509
180,509
180,509
180,509
180,509
180,510
180,510
180,510
181,510
181,510
181,510
181,510
181,510
181,511
181,511
181,511
181,511
181,511
181,511
181,511
181,512
181,512
181,512
181,512
182,512
182,512
182,512
182,513
182,513
182,513
182,513
182,513
182,513
182,513
182,514
182,514
182,514
182,514
182,514
182,514
183,514
183,514
183,515
183,515
183,515
183,515
183,515
183,515
183,515
183,516
183,516
183,516
183,516
183,516
183,516
183,516
184,517
184,517
184,517
184,517
184,517
184,517
184,517
184,517
184,518
184,518
184,518
184,518
184,518
184,518
184,518
184,519
185,519
185,519
185,519
185,519
185,519
185,519
185,520
185,520
185,520
185,520
185,520
185,520
185,520
185,521
185,521
185,521
186,521
186,521
186,521
186,521
186,521
186,522
186,522
186,522
186,522
186,522
186,522
186,522
186,523
186,523
186,523
186,523
187,523
187,523
187,523
187,524
187,524
187,524
187,524
187,524
187,524
187,524
187,525
187,525
187,525
187,525
187,525
187,525
188,525
188,525
188,526
188,526
188,526
188,526
188,526
188,526
188,526
188,527
188,527
188,527
188,527
188,527
188,527
188,527
189,528
189,528
189,528
189,528
189,528
189,528
189,528
189,528
189,529
189,529
189,529
189,529
189,529
189,529
189,529
189,530
190,530
190,530
190,530
190,530
190,530
190,530
190,530
190,531
190,531
190,531
190,531
190,531
190,531
190,531
190,532
190,532
191,532
191,532
191,532
191,532
191,532
191,533
191,533
191,533
191,533
191,533
191,533
191,533
191,533
191,534
191,534
191,534
192,534
192,534
192,534
192,534
192,535
192,535
192,535
192,535
192,535
192,535
192,535
192,535
192,536
192,536
192,536
192,536
193,536
193,536
193,536
193,537
193,537
193,537
193,537
193,537
193,537
193,537
193,537
193,538
193,538
193,538
193,538
193,538
194,538
194,538
194,539
194,539
194,539
194,539
194,539
194,539
194,539
194,540
194,540
194,540
194,540
194,540
194,540
194,540
195,540
195,541
195,541
195,541
195,541
195,541
195,541
195,541
195,542
195,542
195,542
195,542
195,542
195,542
195,542
195,542
196,543
196,543
196,543
196,543
196,543
196,543
196,543
196,544
196,544
196,544
196,544
196,544
196,544
196,544
196,544
196,545
197,545
197,545
197,545
197,545
197,545
197,545
197,546
197,546
197,546
197,546
197,546
197,546
197,546
197,546
197,547
198,547
198,547
198,547
198,547
198,547
198,547
198,548
198,548
198,548
198,548
198,548
198,548
198,548
198,548
198,549
198,549
199,549
199,549
199,549
199,549
199,549
199,550
199,550
199,550
199,550
199,550
199,550
199,550
199,550
199,551
199,551
199,551
200,551
200,551
200,551
200,551
200,552
200,552
200,552
200,552
200,552
200,552
200,552
200,552
200,553
200,553
200,553
200,553
201,553
201,553
201,553
201,554
201,554
201,554
201,554
201,554
201,554
201,554
201,554
201,555
201,555
201,555
201,555
202,555
202,555
202,555
202,556
202,556
202,556
202,556
202,556
202,556
202,556
202,556
202,557
202,557
202,557
202,557
202,557
203,557
203,557
203,557
203,558
203,558
203,558
203,558
203,558
203,558
203,558
203,559
203,559
203,559
203,559
203,559
203,559
204,559
204,559
204,560
204,560
204,560
204,560
204,560
204,560
204,560
204,560
204,561
204,561
204,561
204,561
204,561
205,561
205,561
205,562
205,562
205,562
205,562
205,562
205,562
205,562
205,562
205,563
205,563
205,563
205,563
205,563
205,563
206,563
206,564
206,564
206,564
206,564
206,564
206,564
206,564
206,564
206,565
206,565
206,565
206,565
206,565
206,565
206,565
207,566
207,566
207,566
207,566
207,566
207,566
207,566
207,566
207,567
207,567
207,567
207,567
207,567
207,567
207,567
208,567
208,568
208,568
208,568
208,568
208,568
208,568
208,568
208,568
208,569
208,569
208,569
208,569
208,569
208,569
208,569
209,569
209,570
209,570
209,570
209,570
209,570
209,570
209,570
209,571
209,571
209,571
209,571
209,571
209,571
209,571
210,571
210,572
210,572
210,572
210,572
210,572
210,572
210,572
210,573
210,573
210,573
210,573
210,573
210,573
210,573
210,573
211,574
211,574
211,574
211,574
211,574
211,574
211,574
211,574
211,575
211,575
211,575
211,575
211,575
211,575
211,575
212,575
212,576
212,576
212,576
212,576
212,576
212,576
212,576
212,576
212,577
212,577
212,577
212,577
212,577
212,577
212,577
213,578
213,578
213,578
213,578
213,578
213,578
213,578
213,578
213,579
213,579
213,579
213,579
213,579
213,579
213,579
214,579
214,580
214,580
214,580
214,580
214,580
214,580
214,580
214,580
214,581
214,581
214,581
214,581
214,581
214,581
214,581
215,582
215,582
215,582
215,582
215,582
215,582
215,582
215,582
215,583
215,583
215,583
215,583
215,583
215,583
215,583
216,583
216,584
216,584
216,584
216,584
216,584
216,584
216,584
216,584
216,585
216,585
216,585
216,585
216,585
216,585
217,585
217,585
217,586
217,586
217,586
217,586
217,586
217,586
217,586
217,586
217,587
217,587
217,587
217,587
217,587
217,587
218,587
218,587
218,588
218,588
218,588
218,588
218,588
218,588
218,588
218,589
218,589
218,589
218,589
218,589
218,589
219,589
219,589
219,589
219,590
219,590
219,590
219,590
219,590
219,590
219,590
219,591
219,591
219,591
219,591
219,591
220,591
220,591
220,591
220,592
220,592
220,592
220,592
220,592
220,592
220,592
220,592
220,593
220,593
220,593
220,593
220,593
221,593
221,593
221,593
221,594
221,594
221,594
221,594
221,594
221,594
221,594
221,594
221,595
221,595
221,595
221,595
222,595
222,595
222,595
222,595
222,596
222,596
222,596
222,596
222,596
222,596
222,596
222,596
222,597
222,597
222,597
223,597
223,597
223,597
223,597
223,597
223,598
223,598
223,598
223,598
223,598
223,598
223,598
223,598
223,599
223,599
224,599
224,599
224,599
224,599
224,599
224,599
224,600
224,600
224,600
224,600
224,600
224,600
224,600
224,600
224,601
225,601
225,601
225,601
225,601
225,601
225,601
225,601
225,602
225,602
225,602
225,602
225,602
225,602
225,602
225,602
225,603
226,603
226,603
226,603
226,603
226,603
226,603
226,603
226,603
226,604
226,604
226,604
226,604
226,604
226,604
226,604
227,605
227,605
227,605
227,605
227,605
227,605
227,605
227,605
227,605
227,606
227,606
227,606
227,606
227,606
227,606
228,606
228,606
228,607
228,607
228,607
228,607
228,607
228,607
228,607
228,607
228,608
228,608
228,608
228,608
228,608
229,608
229,608
229,608
229,609
229,609
229,609
229,609
229,609
229,609
229,609
229,609
229,610
229,610
229,610
229,610
230,610
230,610
230,610
230,610
230,611
230,611
230,611
230,611
230,611
230,611
230,611
230,611
230,612
230,612
230,612
231,612
231,612
231,612
231,612
231,612
231,612
231,613
231,613
231,613
231,613
231,613
231,613
231,613
231,613
231,614
232,614
232,614
232,614
232,614
232,614
232,614
232,614
232,615
232,615
232,615
232,615
232,615
232,615
232,615
232,615
233,616
233,616
233,616
233,616
233,616
233,616
233,616
233,616
233,616
233,617
233,617
233,617
233,617
233,617
233,617
234,617
234,617
234,618
234,618
234,618
234,618
234,618
234,618
234,618
234,618
234,619
234,619
234,619
234,619
234,619
235,619
235,619
235,619
235,619
235,620
235,620
235,620
235,620
235,620
235,620
235,620
235,620
235,621
235,621
235,621
236,621
236,621
236,621
236,621
236,621
236,622
236,622
236,622
236,622
236,622
236,622
236,622
236,622
236,623
236,623
237,623
237,623
237,623
237,623
237,623
237,623
237,623
237,624
237,624
237,624
237,624
237,624
237,624
237,624
237,624
238,625
238,625
238,625
238,625
238,625
238,625
238,625
238,625
238,625
238,626
238,626
238,626
238,626
238,626
238,626
239,626
239,626
239,627
239,627
239,627
239,627
239,627
239,627
239,627
239,627
239,628
239,628
239,628
239,628
239,628
240,628
240,628
240,628
240,628
240,629
240,629
240,629
240,629
240,629
240,629
240,629
240,629
240,630
240,630
240,630
241,630
241,630
241,630
241,630
241,630
241,630
241,631
241,631
241,631
241,631
241,631
241,631
241,631
241,631
241,632
242,632
242,632
242,632
242,632
242,632
242,632
242,632
242,632
242,633
242,633
242,633
242,633
242,633
242,633
243,633
243,633
243,634
243,634
243,634
243,634
243,634
243,634
243,634
243,634
243,634
243,635
243,635
243,635
243,635
244,635
244,635
244,635
244,635
244,636
244,636
244,636
244,636
244,636
244,636
244,636
244,636
244,636
244,637
244,637
245,637
245,637
245,637
245,637
245,637
245,637
245,638
245,638
245,638
245,638
245,638
245,638
245,638
245,638
245,638
246,639
246,639
246,639
246,639
246,639
246,639
246,639
246,639
246,639
246,640
246,640
246,640
246,640
246,640
247,640
247,640
247,640
247,641
247,641
247,641
247,641
247,641
247,641
247,641
247,641
247,641
247,642
247,642
247,642
248,642
248,642
248,642
248,642
248,642
248,642
248,643
248,643
248,643
248,643
248,643
248,643
248,643
248,643
248,644
249,644
249,644
249,644
249,644
249,644
249,644
249,644
249,644
249,645
249,645
249,645
249,645
249,645
249,645
250,645
250,645
250,645
250,646
250,646
250,646
250,646
250,646
250,646
250,646
250,646
250,646
250,647
250,647
250,647
251,647
251,647
251,647
251,647
251,647
251,648
251,648
251,648
251,648
251,648
251,648
251,648
251,648
251,648
251,649
252,649
252,649
252,649
252,649
252,649
252,649
252,649
252,649
252,650
252,650
252,650
252,650
252,650
252,650
253,650
253,650
253,650
253,651
253,651
253,651
253,651
253,651
253,651
253,651
253,651
253,651
253,652
253,652
253,652
254,652
254,652
254,652
254,652
254,652
254,653
254,653
254,653
254,653
254,653
254,653
254,653
254,653
254,653
255,654
255,654
255,654
255,654
255,654
255,654
255,654
255,654
255,654
255,655
255,655
255,655
255,655
255,655
255,655
256,655
256,655
256,655
256,656
256,656
256,656
256,656
256,656
256,656
256,656
256,656
256,656
256,657
256,657
257,657
257,657
257,657
257,657
257,657
257,657
257,657
257,658
257,658
257,658
257,658
257,658
257,658
257,658
257,658
258,658
258,659
258,659
258,659
258,659
258,659
258,659
258,659
258,659
258,659
258,660
258,660
258,660
258,660
259,660
259,660
259,660
259,660
259,660
259,661
259,661
259,661
259,661
259,661
259,661
259,661
259,661
259,661
259,662
260,662
260,662
260,662
260,662
260,662
260,662
260,662
260,662
260,663
260,663
260,663
260,663
260,663
260,663
261,663
261,663
261,663
261,664
261,664
261,664
261,664
261,664
261,664
261,664
261,664
261,664
261,665
261,665
261,665
262,665
262,665
262,665
262,665
262,665
262,665
262,666
262,666
262,666
262,666
262,666
262,666
262,666
262,666
263,666
263,666
263,667
263,667
263,667
263,667
263,667
263,667
263,667
263,667
263,667
263,668
263,668
263,668
264,668
264,668
264,668
264,668
264,668
264,668
264,669
264,669
264,669
264,669
264,669
264,669
264,669
264,669
264,669
265,670
265,670
265,670
265,670
265,670
265,670
265,670
265,670
265,670
265,671
265,671
265,671
265,671
265,671
266,671
266,671
266,671
266,671
266,671
266,672
266,672
266,672
266,672
266,672
266,672
266,672
266,672
266,672
267,673
267,673
267,673
267,673
267,673
267,673
267,673
267,673
267,673
267,673
267,674
267,674
267,674
267,674
267,674
268,674
268,674
268,674
268,674
268,675
268,675
268,675
268,675
268,675
268,675
268,675
268,675
268,675
268,676
269,676
269,676
269,676
269,676
269,676
269,676
269,676
269,676
269,676
269,677
269,677
269,677
269,677
269,677
270,677
270,677
270,677
270,677
270,678
270,678
270,678
270,678
270,678
270,678
270,678
270,678
270,678
270,678
271,679
271,679
271,679
271,679
271,679
271,679
271,679
271,679
271,679
271,680
271,680
271,680
271,680
271,680
272,680
272,680
272,680
272,680
272,680
272,681
272,681
272,681
272,681
272,681
272,681
272,681
272,681
272,681
272,682
273,682
273,682
273,682
273,682
273,682
273,682
273,682
273,682
273,682
273,683
273,683
273,683
273,683
273,683
274,683
274,683
274,683
274,683
274,683
274,684
274,684
274,684
274,684
274,684
274,684
274,684
274,684
274,684
275,685
275,685
275,685
275,685
275,685
275,685
275,685
275,685
275,685
275,685
275,686
275,686
275,686
275,686
276,686
276,686
276,686
276,686
276,686
276,686
276,687
276,687
276,687
276,687
276,687
276,687
276,687
276,687
277,687
277,687
277,688
277,688
277,688
277,688
277,688
277,688
277,688
277,688
277,688
277,689
277,689
277,689
278,689
278,689
278,689
278,689
278,689
278,689
278,689
278,690
278,690
278,690
278,690
278,690
278,690
278,690
279,690
279,690
279,690
279,691
279,691
279,691
279,691
279,691
279,691
279,691
279,691
279,691
279,691
279,692
280,692
280,692
280,692
280,692
280,692
280,692
280,692
280,692
280,692
280,693
280,693
280,693
280,693
280,693
281,693
281,693
281,693
281,693
281,693
281,694
281,694
281,694
281,694
281,694
281,694
281,694
281,694
281,694
282,694
282,695
282,695
282,695
282,695
282,695
282,695
282,695
282,695
282,695
282,695
282,696
282,696
282,696
283,696
283,696
283,696
283,696
283,696
283,696
283,696
283,697
283,697
283,697
283,697
283,697
283,697
283,697
284,697
284,697
284,697
284,698
284,698
284,698
284,698
284,698
284,698
284,698
284,698
284,698
284,698
284,699
285,699
285,699
285,699
285,699
285,699
285,699
285,699
285,699
285,699
285,700
285,700
285,700
285,700
285,700
286,700
286,700
286,700
286,700
286,700
286,701
286,701
286,701
286,701
286,701
286,701
286,701
286,701
286,701
287,701
287,701
287,702
287,702
287,702
287,702
287,702
287,702
287,702
287,702
287,702
287,702
287,703
287,703
288,703
288,703
288,703
288,703
288,703
288,703
288,703
288,703
288,704
288,704
288,704
288,704
288,704
288,704
289,704
289,704
289,704
289,704
289,704
289,705
289,705
289,705
289,705
289,705
289,705
289,705
289,705
289,705
290,705
290,706
290,706
290,706
290,706
290,706
290,706
290,706
290,706
290,706
290,706
290,707
290,707
290,707
291,707
291,707
291,707
291,707
291,707
291,707
291,707
291,707
291,708
291,708
291,708
291,708
291,708
291,708
292,708
292,708
292,708
292,708
292,708
292,709
292,709
292,709
292,709
292,709
292,709
292,709
292,709
293,709
293,709
293,710
293,710
293,710
293,710
293,710
293,710
293,710
293,710
293,710
293,710
293,710
293,711
294,711
294,711
294,711
294,711
294,711
294,711
294,711
294,711
294,711
294,712
294,712
294,712
294,712
294,712
295,712
295,712
295,712
295,712
295,712
295,712
295,713
295,713
295,713
295,713
295,713
295,713
295,713
295,713
296,713
296,713
296,713
296,714
296,714
296,714
296,714
296,714
296,714
296,714
296,714
296,714
296,714
297,714
297,715
297,715
297,715
297,715
297,715
297,715
297,715
297,715
297,715
297,715
297,716
297,716
297,716
298,716
298,716
298,716
298,716
298,716
298,716
298,716
298,716
298,716
298,717
298,717
298,717
298,717
298,717
299,717
299,717
299,717
299,717
299,717
299,717
299,718
299,718
299,718
299,718
299,718
299,718
299,718
300,718
300,718
300,718
300,718
300,719
300,719
300,719
300,719
300,719
300,719
300,719
300,719
300,719
300,719
301,719
301,720
301,720
301,720
301,720
301,720
301,720
301,720
301,720
301,720
301,720
301,720
301,721
301,721
302,721
302,721
302,721
302,721
302,721
302,721
302,721
302,721
302,721
302,722
302,722
302,722
302,722
303,722
303,722
303,722
303,722
303,722
303,722
303,722
303,723
303,723
303,723
303,723
303,723
303,723
303,723
304,723
304,723
304,723
304,723
304,723
304,724
304,724
304,724
304,724
304,724
304,724
304,724
304,724
304,724
305,724
305,724
305,725
305,725
305,725
305,725
305,725
305,725
305,725
305,725
305,725
305,725
305,725
306,726
306,726
306,726
306,726
306,726
306,726
306,726
306,726
306,726
306,726
306,726
306,726
306,727
306,727
307,727
307,727
307,727
307,727
307,727
307,727
307,727
307,727
307,727
307,728
307,728
307,728
307,728
308,728
308,728
308,728
308,728
308,728
308,728
308,728
308,728
308,729
308,729
308,729
308,729
308,729
308,729
309,729
309,729
309,729
309,729
309,729
309,729
309,730
309,730
309,730
309,730
309,730
309,730
309,730
310,730
310,730
310,730
310,730
310,730
310,731
310,731
310,731
310,731
310,731
310,731
310,731
310,731
310,731
311,731
311,731
311,732
311,732
311,732
311,732
311,732
311,732
311,732
311,732
311,732
311,732
311,732
312,732
312,733
312,733
312,733
312,733
312,733
312,733
312,733
312,733
312,733
312,733
312,733
312,733
312,733
313,734
313,734
313,734
313,734
313,734
313,734
313,734
313,734
313,734
313,734
313,734
313,735
313,735
314,735
314,735
314,735
314,735
314,735
314,735
314,735
314,735
314,735
314,735
314,735
314,736
314,736
314,736
315,736
315,736
315,736
315,736
315,736
315,736
315,736
315,736
315,736
315,737
315,737
315,737
315,737
316,737
316,737
316,737
316,737
316,737
316,737
316,737
316,737
316,738
316,738
316,738
316,738
316,738
317,738
317,738
317,738
317,738
317,738
317,738
317,738
317,739
317,739
317,739
317,739
317,739
317,739
317,739
318,739
318,739
318,739
318,739
318,739
318,739
318,740
318,740
318,740
318,740
318,740
318,740
318,740
319,740
319,740
319,740
319,740
319,740
319,741
319,741
319,741
319,741
319,741
319,741
319,741
319,741
320,741
320,741
320,741
320,741
320,741
320,742
320,742
320,742
320,742
320,742
320,742
320,742
320,742
320,742
321,742
321,742
321,742
321,742
321,743
321,743
321,743
321,743
321,743
321,743
321,743
321,743
321,743
322,743
322,743
322,743
322,743
322,744
322,744
322,744
322,744
322,744
322,744
322,744
322,744
322,744
323,744
323,744
323,744
323,744
323,745
323,745
323,745
323,745
323,745
323,745
323,745
323,745
323,745
324,745
324,745
324,745
324,746
324,746
324,746
324,746
324,746
324,746
324,746
324,746
324,746
324,746
324,746
325,746
325,746
325,746
325,747
325,747
325,747
325,747
325,747
325,747
325,747
325,747
325,747
325,747
326,747
326,747
326,747
326,748
326,748
326,748
326,748
326,748
326,748
326,748
326,748
326,748
326,748
327,748
327,748
327,748
327,749
327,749
327,749
327,749
327,749
327,749
327,749
327,749
327,749
327,749
327,749
328,749
328,749
328,750
328,750
328,750
328,750
328,750
328,750
328,750
328,750
328,750
328,750
328,750
329,750
329,750
329,750
329,751
329,751
329,751
329,751
329,751
329,751
329,751
329,751
329,751
329,751
330,751
330,751
330,751
330,751
330,752
330,752
330,752
330,752
330,752
330,752
330,752
330,752
330,752
331,752
331,752
331,752
331,752
331,752
331,753
331,753
331,753
331,753
331,753
331,753
331,753
331,753
332,753
332,753
332,753
332,753
332,753
332,753
332,754
332,754
332,754
332,754
332,754
332,754
332,754
333,754
333,754
333,754
333,754
333,754
333,754
333,754
333,755
333,755
333,755
333,755
333,755
333,755
333,755
334,755
334,755
334,755
334,755
334,755
334,755
334,755
334,756
334,756
334,756
334,756
334,756
334,756
335,756
335,756
335,756
335,756
335,756
335,756
335,756
335,756
335,757
335,757
335,757
335,757
335,757
336,757
336,757
336,757
336,757
336,757
336,757
336,757
336,757
336,757
336,757
336,758
336,758
336,758
337,758
337,758
337,758
337,758
337,758
337,758
337,758
337,758
337,758
337,758
337,758
337,758
337,759
338,759
338,759
338,759
338,759
338,759
338,759
338,759
338,759
338,759
338,759
338,759
338,759
338,759
339,760
339,760
339,760
339,760
339,760
339,760
339,760
339,760
339,760
339,760
339,760
339,760
339,760
340,760
340,760
340,761
340,761
340,761
340,761
340,761
340,761
340,761
340,761
340,761
340,761
340,761
341,761
341,761
341,761
341,761
341,762
341,762
341,762
341,762
341,762
341,762
341,762
341,762
341,762
342,762
342,762
342,762
342,762
342,762
342,762
342,762
342,763
342,763
342,763
342,763
342,763
342,763
343,763
343,763
343,763
343,763
343,763
343,763
343,763
343,763
343,763
343,764
343,764
343,764
343,764
344,764
344,764
344,764
344,764
344,764
344,764
344,764
344,764
344,764
344,764
344,764
344,764
344,765
345,765
345,765
345,765
345,765
345,765
345,765
345,765
345,765
345,765
345,765
345,765
345,765
345,765
346,765
346,766
346,766
346,766
346,766
346,766
346,766
346,766
346,766
346,766
346,766
346,766
346,766
347,766
347,766
347,766
347,766
347,766
347,767
347,767
347,767
347,767
347,767
347,767
347,767
347,767
348,767
348,767
348,767
348,767
348,767
348,767
348,767
348,767
348,768
348,768
348,768
348,768
348,768
349,768
349,768
349,768
349,768
349,768
349,768
349,768
349,768
349,768
349,768
349,768
349,768
349,769
350,769
350,769
350,769
350,769
350,769
350,769
350,769
350,769
350,769
350,769
350,769
350,769
350,769
351,769
351,769
351,769
351,770
351,770
351,770
351,770
351,770
351,770
351,770
351,770
351,770
351,770
352,770
352,770
352,770
352,770
352,770
352,770
352,771
352,771
352,771
352,771
352,771
352,771
353,771
353,771
353,771
353,771
353,771
353,771
353,771
353,771
353,771
353,771
353,771
353,771
353,772
354,772
354,772
354,772
354,772
354,772
354,772
354,772
354,772
354,772
354,772
354,772
354,772
354,772
355,772
355,772
355,772
355,773
355,773
355,773
355,773
355,773
355,773
355,773
355,773
355,773
355,773
356,773
356,773
356,773
356,773
356,773
356,773
356,773
356,773
356,774
356,774
356,774
356,774
356,774
357,774
357,774
357,774
357,774
357,774
357,774
357,774
357,774
357,774
357,774
357,774
357,774
357,774
358,775
358,775
358,775
358,775
358,775
358,775
358,775
358,775
358,775
358,775
358,775
358,775
358,775
359,775
359,775
359,775
359,775
359,775
359,775
359,776
359,776
359,776
359,776
359,776
359,776
360,776
360,776
360,776
360,776
360,776
360,776
360,776
360,776
360,776
360,776
360,776
360,776
360,776
361,777
361,777
361,777
361,777
361,777
361,777
361,777
361,777
361,777
361,777
361,777
361,777
361,777
362,777
362,777
362,777
362,777
362,777
362,777
362,778
362,778
362,778
362,778
362,778
362,778
362,778
363,778
363,778
363,778
363,778
363,778
363,778
363,778
363,778
363,778
363,778
363,778
363,778
364,778
364,779
364,779
364,779
364,779
364,779
364,779
364,779
364,779
364,779
364,779
364,779
364,779
365,779
365,779
365,779
365,779
365,779
365,779
365,779
365,779
365,780
365,780
365,780
365,780
365,780
366,780
366,780
366,780
366,780
366,780
366,780
366,780
366,780
366,780
366,780
366,780
366,780
366,780
367,780
367,780
367,780
367,781
367,781
367,781
367,781
367,781
367,781
367,781
367,781
367,781
367,781
368,781
368,781
368,781
368,781
368,781
368,781
368,781
368,781
368,781
368,781
368,782
368,782
369,782
369,782
369,782
369,782
369,782
369,782
369,782
369,782
369,782
369,782
369,782
369,782
369,782
370,782
370,782
370,782
370,782
370,782
370,782
370,782
370,782
370,783
370,783
370,783
370,783
370,783
371,783
371,783
371,783
371,783
371,783
371,783
371,783
371,783
371,783
371,783
371,783
371,783
372,783
372,783
372,783
372,783
372,783
372,784
372,784
372,784
372,784
372,784
372,784
372,784
372,784
373,784
373,784
373,784
373,784
373,784
373,784
373,784
373,784
373,784
373,784
373,784
373,784
374,784
374,784
374,784
374,785
374,785
374,785
374,785
374,785
374,785
374,785
374,785
374,785
374,785
375,785
375,785
375,785
375,785
375,785
375,785
375,785
375,785
375,785
375,785
375,785
375,785
375,785
376,785
376,786
376,786
376,786
376,786
376,786
376,786
376,786
376,786
376,786
376,786
376,786
377,786
377,786
377,786
377,786
377,786
377,786
377,786
377,786
377,786
377,786
377,786
377,786
377,786
378,787
378,787
378,787
378,787
378,787
378,787
378,787
378,787
378,787
378,787
378,787
378,787
378,787
379,787
379,787
379,787
379,787
379,787
379,787
379,787
379,787
379,787
379,787
379,787
379,787
380,787
380,788
380,788
380,788
380,788
380,788
380,788
380,788
380,788
380,788
380,788
380,788
380,788
381,788
381,788
381,788
381,788
381,788
381,788
381,788
381,788
381,788
381,788
381,788
381,788
381,788
382,788
382,789
382,789
382,789
382,789
382,789
382,789
382,789
382,789
382,789
382,789
382,789
383,789
383,789
383,789
383,789
383,789
383,789
383,789
383,789
383,789
383,789
383,789
383,789
383,789
384,789
384,789
384,789
384,789
384,790
384,790
384,790
384,790
384,790
384,790
384,790
384,790
385,790
385,790
385,790
385,790
385,790
385,790
385,790
385,790
385,790
385,790
385,790
385,790
385,790
386,790
386,790
386,790
386,790
386,790
386,790
386,790
386,791
386,791
386,791
386,791
386,791
387,791
387,791
387,791
387,791
387,791
387,791
387,791
387,791
387,791
387,791
387,791
387,791
387,791
388,791
388,791
388,791
388,791
388,791
388,791
388,791
388,791
388,791
388,791
388,791
388,791
388,791
389,792
389,792
389,792
389,792
389,792
389,792
389,792
389,792
389,792
389,792
389,792
389,792
390,792
390,792
390,792
390,792
390,792
390,792
390,792
390,792
390,792
390,792
390,792
390,792
390,792
391,792
391,792
391,792
391,792
391,792
391,792
391,792
391,792
391,792
391,793
391,793
391,793
392,793
392,793
392,793
392,793
392,793
392,793
392,793
392,793
392,793
392,793
392,793
392,793
392,793
393,793
393,793
393,793
393,793
393,793
393,793
393,793
393,793
393,793
393,793
393,793
393,793
394,793
394,793
394,793
394,793
394,793
394,793
394,794
394,794
394,794
394,794
394,794
394,794
394,794
395,794
395,794
395,794
395,794
395,794
395,794
395,794
395,794
395,794
395,794
395,794
395,794
396,794
396,794
396,794
396,794
396,794
396,794
396,794
396,794
396,794
396,794
396,794
396,794
396,794
397,794
397,794
397,794
397,794
397,794
397,794
397,795
397,795
397,795
397,795
397,795
397,795
398,795
398,795
398,795
398,795
398,795
398,795
398,795
398,795
398,795
398,795
398,795
398,795
398,795
399,795
399,795
399,795
399,795
399,795
399,795
399,795
399,795
399,795
399,795
399,795
399,795
400,795
400,795
400,795
400,795
400,795
400,795
400,795
400,795
400,795
400,795
400,796
400,796
400,796
401,796
401,796
401,796
401,796
401,796
401,796
401,796
401,796
401,796
401,796
401,796
401,796
402,796
402,796
402,796
402,796
402,796
402,796
402,796
402,796
402,796
402,796
402,796
402,796
403,796
403,796
403,796
403,796
403,796
403,796
403,796
403,796
403,796
403,796
403,796
403,796
403,796
404,796
404,796
404,796
404,796
404,796
404,796
404,796
404,796
404,797
404,797
404,797
404,797
404,797
405,797
405,797
405,797
405,797
405,797
405,797
405,797
405,797
405,797
405,797
405,797
405,797
406,797
406,797
406,797
406,797
406,797
406,797
406,797
406,797
406,797
406,797
406,797
406,797
407,797
407,797
407,797
407,797
407,797
407,797
407,797
407,797
407,797
407,797
407,797
407,797
407,797
408,797
408,797
408,797
408,797
408,797
408,797
408,797
408,797
408,797
408,797
408,797
408,797
409,798
409,798
409,798
409,798
409,798
409,798
409,798
409,798
409,798
409,798
409,798
409,798
409,798
410,798
410,798
410,798
410,798
410,798
410,798
410,798
410,798
410,798
410,798
410,798
410,798
411,798
411,798
411,798
411,798
411,798
411,798
411,798
411,798
411,798
411,798
411,798
411,798
411,798
412,798
412,798
412,798
412,798
412,798
412,798
412,798
412,798
412,798
412,798
412,798
412,798
413,798
413,798
413,798
413,798
413,798
413,798
413,798
413,798
413,798
413,798
413,798
413,798
414,798
414,798
414,798
414,798
414,798
414,798
414,798
414,798
414,798
414,798
414,798
414,798
414,798
415,799
415,799
415,799
415,799
415,799
415,799
415,799
415,799
415,799
415,799
415,799
415,799
416,799
416,799
416,799
416,799
416,799
416,799
416,799
416,799
416,799
416,799
416,799
416,799
416,799
417,799
417,799
417,799
417,799
417,799
417,799
417,799
417,799
417,799
417,799
417,799
417,799
418,799
418,799
418,799
418,799
418,799
418,799
418,799
418,799
418,799
418,799
418,799
418,799
419,799
419,799
419,799
419,799
419,799
419,799
419,799
419,799
419,799
419,799
419,799
419,799
419,799
420,799
420,799
420,799
420,799
420,799
420,799
420,799
420,799
420,799
420,799
420,799
420,799
421,799
421,799
421,799
421,799
421,799
421,799
421,799
421,799
421,799
421,799
421,799
421,799
421,799
422,799
422,799
422,799
422,799
422,799
422,799
422,799
422,799
422,799
422,799
422,799
422,799
423,799
423,799
423,799
423,799
423,799
423,799
423,799
423,799
423,799
423,799
423,799
423,799
424,799
424,799
424,799
424,799
424,799
424,799
424,799
424,799
424,799
424,799
424,799
424,799
424,799
425,799
425,799
425,799
425,799
425,799
425,799
425,799
425,799
425,799
425,799
425,799
425,799
426,799
426,799
426,799
426,799
426,799
426,800
426,800
426,800
426,800
426,800
426,800
426,800
426,800
427,800
427,800
427,800
427,800
427,800
427,800
427,800
427,800
427,800
427,800
427,800
427,800
428,800
428,800
428,800
428,800
428,800
428,800
428,800
428,800
428,800
428,800
428,800
428,800
429,800
429,800
429,800
429,800
429,800
429,800
429,800
429,800
429,800
429,800
429,800
429,800
429,800
430,800
430,800
430,800
430,800
430,800
430,800
430,800
430,800
430,800
430,800
430,800
430,800
431,800
431,800
431,800
431,800
431,800
431,800
431,800
431,800
431,800
431,800
431,800
431,800
431,799
432,799
432,799
432,799
432,799
432,799
432,799
432,799
432,799
432,799
432,799
432,799
432,799
433,799
433,799
433,799
433,799
433,799
433,799
433,799
433,799
433,799
433,799
433,799
433,799
433,799
434,799
434,799
434,799
434,799
434,799
434,799
434,799
434,799
434,799
434,799
434,799
434,799
435,799
435,799
435,799
435,799
435,799
435,799
435,799
435,799
435,799
435,799
435,799
435,799
435,799
436,799
436,799
436,799
436,799
436,799
436,799
436,799
436,799
436,799
436,799
436,799
436,799
437,799
437,799
437,799
437,799
437,799
437,799
437,799
437,799
437,799
437,799
437,799
437,799
438,799
438,799
438,799
438,799
438,799
438,799
438,799
438,799
438,799
438,799
438,799
438,799
438,799
439,799
439,799
439,799
439,799
439,799
439,799
439,799
439,799
439,799
439,799
439,799
439,799
440,799
440,799
440,799
440,799
440,799
440,799
440,799
440,799
440,799
440,799
440,799
440,799
440,799
441,799
441,799
441,799
441,799
441,799
441,799
441,799
441,799
441,799
441,799
441,799
441,799
442,799
442,799
442,799
442,799
442,799
442,799
442,799
442,799
442,799
442,799
442,799
442,799
443,799
443,799
443,799
443,799
443,798
443,798
443,798
443,798
443,798
443,798
443,798
443,798
443,798
444,798
444,798
444,798
444,798
444,798
444,798
444,798
444,798
444,798
444,798
444,798
444,798
445,798
445,798
445,798
445,798
445,798
445,798
445,798
445,798
445,798
445,798
445,798
445,798
445,798
446,798
446,798
446,798
446,798
446,798
446,798
446,798
446,798
446,798
446,798
446,798
446,798
447,798
447,798
447,798
447,798
447,798
447,798
447,798
447,798
447,798
447,798
447,798
447,798
448,798
448,798
448,798
448,798
448,798
448,798
448,798
448,798
448,798
448,798
448,798
448,798
448,798
449,798
449,798
449,797
449,797
449,797
449,797
449,797
449,797
449,797
449,797
449,797
449,797
450,797
450,797
450,797
450,797
450,797
450,797
450,797
450,797
450,797
450,797
450,797
450,797
450,797
451,797
451,797
451,797
451,797
451,797
451,797
451,797
451,797
451,797
451,797
451,797
451,797
452,797
452,797
452,797
452,797
452,797
452,797
452,797
452,797
452,797
452,797
452,797
452,797
452,797
453,797
453,797
453,797
453,797
453,797
453,797
453,796
453,796
453,796
453,796
453,796
453,796
454,796
454,796
454,796
454,796
454,796
454,796
454,796
454,796
454,796
454,796
454,796
454,796
454,796
455,796
455,796
455,796
455,796
455,796
455,796
455,796
455,796
455,796
455,796
455,796
455,796
456,796
456,796
456,796
456,796
456,796
456,796
456,796
456,796
456,796
456,796
456,796
456,796
456,796
457,796
457,796
457,796
457,796
457,795
457,795
457,795
457,795
457,795
457,795
457,795
457,795
458,795
458,795
458,795
458,795
458,795
458,795
458,795
458,795
458,795
458,795
458,795
458,795
458,795
459,795
459,795
459,795
459,795
459,795
459,795
459,795
459,795
459,795
459,795
459,795
459,795
460,795
460,795
460,795
460,795
460,795
460,795
460,795
460,794
460,794
460,794
460,794
460,794
461,794
461,794
461,794
461,794
461,794
461,794
461,794
461,794
461,794
461,794
461,794
461,794
461,794
462,794
462,794
462,794
462,794
462,794
462,794
462,794
462,794
462,794
462,794
462,794
462,794
462,794
463,794
463,794
463,794
463,794
463,794
463,794
463,794
463,793
463,793
463,793
463,793
463,793
464,793
464,793
464,793
464,793
464,793
464,793
464,793
464,793
464,793
464,793
464,793
464,793
464,793
465,793
465,793
465,793
465,793
465,793
465,793
465,793
465,793
465,793
465,793
465,793
465,793
466,793
466,793
466,793
466,792
466,792
466,792
466,792
466,792
466,792
466,792
466,792
466,792
466,792
467,792
467,792
467,792
467,792
467,792
467,792
467,792
467,792
467,792
467,792
467,792
467,792
468,792
468,792
468,792
468,792
468,792
468,792
468,792
468,792
468,792
468,792
468,792
468,791
468,791
469,791
469,791
469,791
469,791
469,791
469,791
469,791
469,791
469,791
469,791
469,791
469,791
470,791
470,791
470,791
470,791
470,791
470,791
470,791
470,791
470,791
470,791
470,791
470,791
470,791
471,791
471,791
471,791
471,790
471,790
471,790
471,790
471,790
471,790
471,790
471,790
471,790
472,790
472,790
472,790
472,790
472,790
472,790
472,790
472,790
472,790
472,790
472,790
472,790
472,790
473,790
473,790
473,790
473,790
473,790
473,790
473,789
473,789
473,789
473,789
473,789
473,789
474,789
474,789
474,789
474,789
474,789
474,789
474,789
474,789
474,789
474,789
474,789
474,789
474,789
475,789
475,789
475,789
475,789
475,789
475,789
475,789
475,789
475,789
475,788
475,788
475,788
475,788
476,788
476,788
476,788
476,788
476,788
476,788
476,788
476,788
476,788
476,788
476,788
476,788
477,788
477,788
477,788
477,788
477,788
477,788
477,788
477,788
477,788
477,787
477,787
477,787
477,787
478,787
478,787
478,787
478,787
478,787
478,787
478,787
478,787
478,787
478,787
478,787
478,787
479,787
479,787
479,787
479,787
479,787
479,787
479,787
479,787
479,787
479,786
479,786
479,786
479,786
480,786
480,786
480,786
480,786
480,786
480,786
480,786
480,786
480,786
480,786
480,786
480,786
480,786
481,786
481,786
481,786
481,786
481,786
481,786
481,785
481,785
481,785
481,785
481,785
481,785
482,785
482,785
482,785
482,785
482,785
482,785
482,785
482,785
482,785
482,785
482,785
482,785
482,785
483,785
483,785
483,785
483,785
483,785
483,784
483,784
483,784
483,784
483,784
483,784
483,784
483,784
484,784
484,784
484,784
484,784
484,784
484,784
484,784
484,784
484,784
484,784
484,784
484,784
485,784
485,784
485,783
485,783
485,783
485,783
485,783
485,783
485,783
485,783
485,783
485,783
485,783
486,783
486,783
486,783
486,783
486,783
486,783
486,783
486,783
486,783
486,783
486,783
486,782
486,782
487,782
487,782
487,782
487,782
487,782
487,782
487,782
487,782
487,782
487,782
487,782
487,782
487,782
488,782
488,782
488,782
488,782
488,782
488,782
488,782
488,781
488,781
488,781
488,781
488,781
489,781
489,781
489,781
489,781
489,781
489,781
489,781
489,781
489,781
489,781
489,781
489,781
489,781
490,781
490,781
490,780
490,780
490,780
490,780
490,780
490,780
490,780
490,780
490,780
490,780
490,780
491,780
491,780
491,780
491,780
491,780
491,780
491,780
491,780
491,780
491,779
491,779
491,779
491,779
492,779
492,779
492,779
492,779
492,779
492,779
492,779
492,779
492,779
492,779
492,779
492,779
493,779
493,779
493,779
493,778
493,778
493,778
493,778
493,778
493,778
493,778
493,778
493,778
493,778
494,778
494,778
494,778
494,778
494,778
494,778
494,778
494,778
494,778
494,778
494,777
494,777
494,777
495,777
495,777
495,777
495,777
495,777
495,777
495,777
495,777
495,777
495,777
495,777
495,777
495,777
496,777
496,777
496,776
496,776
496,776
496,776
496,776
496,776
496,776
496,776
496,776
496,776
496,776
497,776
497,776
497,776
497,776
497,776
497,776
497,776
497,775
497,775
497,775
497,775
497,775
498,775
498,775
498,775
498,775
498,775
498,775
498,775
498,775
498,775
498,775
498,775
498,775
498,775
499,775
499,774
499,774
499,774
499,774
499,774
499,774
499,774
499,774
499,774
499,774
499,774
499,774
500,774
500,774
500,774
500,774
500,774
500,773
500,773
500,773
500,773
500,773
500,773
500,773
500,773
501,773
501,773
501,773
501,773
501,773
501,773
501,773
501,773
501,773
501,773
501,772
501,772
501,772
502,772
502,772
502,772
502,772
502,772
502,772
502,772
502,772
502,772
502,772
502,772
502,772
502,772
503,771
503,771
503,771
503,771
503,771
503,771
503,771
503,771
503,771
503,771
503,771
503,771
503,771
504,771
504,771
504,771
504,771
504,770
504,770
504,770
504,770
504,770
504,770
504,770
504,770
504,770
505,770
505,770
505,770
505,770
505,770
505,770
505,770
505,769
505,769
505,769
505,769
505,769
506,769
506,769
506,769
506,769
506,769
506,769
506,769
506,769
506,769
506,769
506,769
506,769
506,768
506,768
507,768
507,768
507,768
507,768
507,768
507,768
507,768
507,768
507,768
507,768
507,768
507,768
508,768
508,767
508,767
508,767
508,767
508,767
508,767
508,767
508,767
508,767
508,767
508,767
508,767
509,767
509,767
509,767
509,767
509,766
509,766
509,766
509,766
509,766
509,766
509,766
509,766
509,766
509,766
510,766
510,766
510,766
510,766
510,766
510,766
510,765
510,765
510,765
510,765
510,765
510,765
511,765
511,765
511,765
511,765
511,765
511,765
511,765
511,765
511,765
511,764
511,764
511,764
511,764
512,764
512,764
512,764
512,764
512,764
512,764
512,764
512,764
512,764
512,764
512,764
512,763
512,763
512,763
513,763
513,763
513,763
513,763
513,763
513,763
513,763
513,763
513,763
513,763
513,763
513,763
513,762
514,762
514,762
514,762
514,762
514,762
514,762
514,762
514,762
514,762
514,762
514,762
514,762
514,762
515,762
515,761
515,761
515,761
515,761
515,761
515,761
515,761
515,761
515,761
515,761
515,761
515,761
516,761
516,761
516,760
516,760
516,760
516,760
516,760
516,760
516,760
516,760
516,760
516,760
516,760
517,760
517,760
517,760
517,760
517,759
517,759
517,759
517,759
517,759
517,759
517,759
517,759
517,759
518,759
518,759
518,759
518,759
518,759
518,758
518,758
518,758
518,758
518,758
518,758
518,758
518,758
519,758
519,758
519,758
519,758
519,758
519,758
519,757
519,757
519,757
519,757
519,757
519,757
519,757
520,757
520,757
520,757
520,757
520,757
520,757
520,757
520,756
520,756
520,756
520,756
520,756
520,756
520,756
521,756
521,756
521,756
521,756
521,756
521,756
521,755
521,755
521,755
521,755
521,755
521,755
521,755
522,755
522,755
522,755
522,755
522,755
522,755
522,755
522,754
522,754
522,754
522,754
522,754
522,754
523,754
523,754
523,754
523,754
523,754
523,754
523,754
523,753
523,753
523,753
523,753
523,753
523,753
524,753
524,753
524,753
524,753
524,753
524,753
524,753
524,753
524,752
524,752
524,752
524,752
524,752
525,752
525,752
525,752
525,752
525,752
525,752
525,752
525,752
525,751
525,751
525,751
525,751
525,751
525,751
526,751
526,751
526,751
526,751
526,751
526,751
526,751
526,750
526,750
526,750
526,750
526,750
526,750
527,750
527,750
527,750
527,750
527,750
527,750
527,750
527,750
527,749
527,749
527,749
527,749
527,749
528,749
528,749
528,749
528,749
528,749
528,749
528,749
528,748
528,748
528,748
528,748
528,748
528,748
529,748
529,748
529,748
529,748
529,748
529,748
529,748
529,747
529,747
529,747
529,747
529,747
529,747
529,747
530,747
530,747
530,747
530,747
530,747
530,746
530,746
530,746
530,746
530,746
530,746
530,746
530,746
531,746
531,746
531,746
531,746
531,746
531,745
531,745
531,745
531,745
531,745
531,745
531,745
531,745
532,745
532,745
532,745
532,745
532,744
532,744
532,744
532,744
532,744
532,744
532,744
532,744
532,744
532,744
533,744
533,744
533,744
533,743
533,743
533,743
533,743
533,743
533,743
533,743
533,743
533,743
533,743
534,743
534,743
534,742
534,742
534,742
534,742
534,742
534,742
534,742
534,742
534,742
534,742
534,742
534,742
535,741
535,741
535,741
535,741
535,741
535,741
535,741
535,741
535,741
535,741
535,741
535,741
535,740
536,740
536,740
536,740
536,740
536,740
536,740
536,740
536,740
536,740
536,740
536,740
536,739
536,739
537,739
537,739
537,739
537,739
537,739
537,739
537,739
537,739
537,739
537,739
537,738
537,738
537,738
537,738
538,738
538,738
538,738
538,738
538,738
538,738
538,738
538,738
538,737
538,737
538,737
538,737
538,737
538,737
539,737
539,737
539,737
539,737
539,737
539,737
539,736
539,736
539,736
539,736
539,736
539,736
539,736
540,736
540,736
540,736
540,736
540,735
540,735
540,735
540,735
540,735
540,735
540,735
540,735
540,735
540,735
541,735
541,735
541,734
541,734
541,734
541,734
541,734
541,734
541,734
541,734
541,734
541,734
541,734
542,733
542,733
542,733
542,733
542,733
542,733
542,733
542,733
542,733
542,733
542,733
542,733
542,732
542,732
543,732
543,732
543,732
543,732
543,732
543,732
543,732
543,732
543,732
543,731
543,731
543,731
543,731
544,731
544,731
544,731
544,731
544,731
544,731
544,731
544,730
544,730
544,730
544,730
544,730
544,730
544,730
545,730
545,730
545,730
545,730
545,729
545,729
545,729
545,729
545,729
545,729
545,729
545,729
545,729
545,729
546,729
546,728
546,728
546,728
546,728
546,728
546,728
546,728
546,728
546,728
546,728
546,728
546,728
547,727
547,727
547,727
547,727
547,727
547,727
547,727
547,727
547,727
547,727
547,726
547,726
547,726
547,726
548,726
548,726
548,726
548,726
548,726
548,726
548,726
548,725
548,725
548,725
548,725
548,725
548,725
548,725
549,725
549,725
549,725
549,725
549,724
549,724
549,724
549,724
549,724
549,724
549,724
549,724
549,724
550,724
550,724
550,723
550,723
550,723
550,723
550,723
550,723
550,723
550,723
550,723
550,723
550,723
550,722
551,722
551,722
551,722
551,722
551,722
551,722
551,722
551,722
551,722
551,721
551,721
551,721
551,721
551,721
552,721
552,721
552,721
552,721
552,721
552,721
552,720
552,720
552,720
552,720
552,720
552,720
552,720
552,720
553,720
553,720
553,719
553,719
553,719
553,719
553,719
553,719
553,719
553,719
553,719
553,719
553,719
553,718
554,718
554,718
554,718
554,718
554,718
554,718
554,718
554,718
554,718
554,717
554,717
554,717
554,717
554,717
555,717
555,717
555,717
555,717
555,717
555,717
555,716
555,716
555,716
555,716
555,716
555,716
555,716
556,716
556,716
556,716
556,715
556,715
556,715
556,715
556,715
556,715
556,715
556,715
556,715
556,715
556,714
557,714
557,714
557,714
557,714
557,714
557,714
557,714
557,714
557,714
557,714
557,713
557,713
557,713
557,713
558,713
558,713
558,713
558,713
558,713
558,713
558,712
558,712
558,712
558,712
558,712
558,712
558,712
558,712
559,712
559,712
559,711
559,711
559,711
559,711
559,711
559,711
559,711
559,711
559,711
559,711
559,710
559,710
560,710
560,710
560,710
560,710
560,710
560,710
560,710
560,710
560,709
560,709
560,709
560,709
560,709
560,709
561,709
561,709
561,709
561,709
561,708
561,708
561,708
561,708
561,708
561,708
561,708
561,708
561,708
561,708
562,707
562,707
562,707
562,707
562,707
562,707
562,707
562,707
562,707
562,707
562,706
562,706
562,706
562,706
563,706
563,706
563,706
563,706
563,706
563,706
563,705
563,705
563,705
563,705
563,705
563,705
563,705
563,705
564,705
564,705
564,704
564,704
564,704
564,704
564,704
564,704
564,704
564,704
564,704
564,703
564,703
564,703
565,703
565,703
565,703
565,703
565,703
565,703
565,703
565,702
565,702
565,702
565,702
565,702
565,702
565,702
566,702
566,702
566,702
566,701
566,701
566,701
566,701
566,701
566,701
566,701
566,701
566,701
566,701
566,700
567,700
567,700
567,700
567,700
567,700
567,700
567,700
567,700
567,700
567,699
567,699
567,699
567,699
567,699
567,699
568,699
568,699
568,699
568,698
568,698
568,698
568,698
568,698
568,698
568,698
568,698
568,698
568,698
568,697
569,697
569,697
569,697
569,697
569,697
569,697
569,697
569,697
569,696
569,696
569,696
569,696
569,696
569,696
570,696
570,696
570,696
570,696
570,695
570,695
570,695
570,695
570,695
570,695
570,695
570,695
570,695
570,694
571,694
571,694
571,694
571,694
571,694
571,694
571,694
571,694
571,693
571,693
571,693
571,693
571,693
571,693
571,693
572,693
572,693
572,693
572,692
572,692
572,692
572,692
572,692
572,692
572,692
572,692
572,692
572,691
572,691
573,691
573,691
573,691
573,691
573,691
573,691
573,691
573,691
573,690
573,690
573,690
573,690
573,690
573,690
574,690
574,690
574,690
574,689
574,689
574,689
574,689
574,689
574,689
574,689
574,689
574,689
574,688
574,688
574,688
575,688
575,688
575,688
575,688
575,688
575,688
575,687
575,687
575,687
575,687
575,687
575,687
575,687
575,687
576,687
576,686
576,686
576,686
576,686
576,686
576,686
576,686
576,686
576,686
576,685
576,685
576,685
576,685
577,685
577,685
577,685
577,685
577,685
577,685
577,684
577,684
577,684
577,684
577,684
577,684
577,684
577,684
577,683
578,683
578,683
578,683
578,683
578,683
578,683
578,683
578,683
578,683
578,682
578,682
578,682
578,682
578,682
579,682
579,682
579,682
579,682
579,681
579,681
579,681
579,681
579,681
579,681
579,681
579,681
579,681
579,680
579,680
580,680
580,680
580,680
580,680
580,680
580,680
580,680
580,679
580,679
580,679
580,679
580,679
580,679
580,679
581,679
581,678
581,678
581,678
581,678
581,678
581,678
581,678
581,678
581,678
581,678
581,677
581,677
581,677
581,677
582,677
582,677
582,677
582,677
582,676
582,676
582,676
582,676
582,676
582,676
582,676
582,676
582,676
582,675
583,675
583,675
583,675
583,675
583,675
583,675
583,675
583,675
583,674
583,674
583,674
583,674
583,674
583,674
583,674
584,674
584,674
584,673
584,673
584,673
584,673
584,673
584,673
584,673
584,673
584,673
584,672
584,672
584,672
585,672
585,672
585,672
585,672
585,672
585,671
585,671
585,671
585,671
585,671
585,671
585,671
585,671
585,671
585,670
586,670
586,670
586,670
586,670
586,670
586,670
586,670
586,670
586,669
586,669
586,669
586,669
586,669
586,669
586,669
587,669
587,669
587,668
587,668
587,668
587,668
587,668
587,668
587,668
587,668
587,667
587,667
587,667
587,667
588,667
588,667
588,667
588,667
588,667
588,666
588,666
588,666
588,666
588,666
588,666
588,666
588,666
588,666
588,665
589,665
589,665
589,665
589,665
589,665
589,665
589,665
589,664
589,664
589,664
589,664
589,664
589,664
589,664
589,664
590,664
590,663
590,663
590,663
590,663
590,663
590,663
590,663
590,663
590,662
590,662
590,662
590,662
590,662
590,662
591,662
591,662
591,662
591,661
591,661
591,661
591,661
591,661
591,661
591,661
591,661
591,660
591,660
591,660
591,660
592,660
592,660
592,660
592,660
592,659
592,659
592,659
592,659
592,659
592,659
592,659
592,659
592,659
592,658
593,658
593,658
593,658
593,658
593,658
593,658
593,658
593,657
593,657
593,657
593,657
593,657
593,657
593,657
593,657
594,657
594,656
594,656
594,656
594,656
594,656
594,656
594,656
594,656
594,655
594,655
594,655
594,655
594,655
594,655
595,655
595,655
595,654
595,654
595,654
595,654
595,654
595,654
595,654
595,654
595,654
595,653
595,653
595,653
595,653
596,653
596,653
596,653
596,653
596,652
596,652
596,652
596,652
596,652
596,652
596,652
596,652
596,651
596,651
596,651
597,651
597,651
597,651
597,651
597,651
597,651
597,650
597,650
597,650
597,650
597,650
597,650
597,650
597,650
597,649
598,649
598,649
598,649
598,649
598,649
598,649
598,649
598,648
598,648
598,648
598,648
598,648
598,648
598,648
598,648
599,647
599,647
599,647
599,647
599,647
599,647
599,647
599,647
599,646
599,646
599,646
599,646
599,646
599,646
599,646
600,646
600,646
600,645
600,645
600,645
600,645
600,645
600,645
600,645
600,645
600,644
600,644
600,644
600,644
600,644
601,644
601,644
601,644
601,643
601,643
601,643
601,643
601,643
601,643
601,643
601,643
601,642
601,642
601,642
601,642
601,642
602,642
602,642
602,642
602,641
602,641
602,641
602,641
602,641
602,641
602,641
602,641
602,640
602,640
602,640
602,640
603,640
603,640
603,640
603,640
603,639
603,639
603,639
603,639
603,639
603,639
603,639
603,639
603,638
603,638
603,638
604,638
604,638
604,638
604,638
604,638
604,637
604,637
604,637
604,637
604,637
604,637
604,637
604,637
604,636
604,636
605,636
605,636
605,636
605,636
605,636
605,636
605,635
605,635
605,635
605,635
605,635
605,635
605,635
605,635
605,634
606,634
606,634
606,634
606,634
606,634
606,634
606,634
606,633
606,633
606,633
606,633
606,633
606,633
606,633
606,633
606,632
607,632
607,632
607,632
607,632
607,632
607,632
607,632
607,631
607,631
607,631
607,631
607,631
607,631
607,631
607,631
608,630
608,630
608,630
608,630
608,630
608,630
608,630
608,630
608,629
608,629
608,629
608,629
608,629
608,629
608,629
609,628
609,628
609,628
609,628
609,628
609,628
609,628
609,628
609,627
609,627
609,627
609,627
609,627
609,627
609,627
609,627
610,626
610,626
610,626
610,626
610,626
610,626
610,626
610,626
610,625
610,625
610,625
610,625
610,625
610,625
610,625
611,625
611,624
611,624
611,624
611,624
611,624
611,624
611,624
611,624
611,623
611,623
611,623
611,623
611,623
611,623
611,623
612,623
612,622
612,622
612,622
612,622
612,622
612,622
612,622
612,621
612,621
612,621
612,621
612,621
612,621
612,621
613,621
613,620
613,620
613,620
613,620
613,620
613,620
613,620
613,620
613,619
613,619
613,619
613,619
613,619
613,619
613,619
614,618
614,618
614,618
614,618
614,618
614,618
614,618
614,618
614,617
614,617
614,617
614,617
614,617
614,617
614,617
615,617
615,616
615,616
615,616
615,616
615,616
615,616
615,616
615,616
615,615
615,615
615,615
615,615
615,615
615,615
615,615
616,614
616,614
616,614
616,614
616,614
616,614
616,614
616,614
616,613
616,613
616,613
616,613
616,613
616,613
616,613
617,612
617,612
617,612
617,612
617,612
617,612
617,612
617,612
617,611
617,611
617,611
617,611
617,611
617,611
617,611
617,610
618,610
618,610
618,610
618,610
618,610
618,610
618,610
618,609
618,609
618,609
618,609
618,609
618,609
618,609
618,609
618,608
619,608
619,608
619,608
619,608
619,608
619,608
619,607
619,607
619,607
619,607
619,607
619,607
619,607
619,607
619,606
620,606
620,606
620,606
620,606
620,606
620,606
620,605
620,605
620,605
620,605
620,605
620,605
620,605
620,605
620,604
620,604
621,604
621,604
621,604
621,604
621,604
621,603
621,603
621,603
621,603
621,603
621,603
621,603
621,603
621,602
621,602
621,602
622,602
622,602
622,602
622,602
622,601
622,601
622,601
622,601
622,601
622,601
622,601
622,601
622,600
622,600
622,600
622,600
623,600
623,600
623,600
623,599
623,599
623,599
623,599
623,599
623,599
623,599
623,599
623,598
623,598
623,598
623,598
623,598
624,598
624,598
624,597
624,597
624,597
624,597
624,597
624,597
624,597
624,597
624,596
624,596
624,596
624,596
624,596
624,596
625,596
625,595
625,595
625,595
625,595
625,595
625,595
625,595
625,594
625,594
625,594
625,594
625,594
625,594
625,594
625,594
626,593
626,593
626,593
626,593
626,593
626,593
626,593
626,592
626,592
626,592
626,592
626,592
626,592
626,592
626,592
627,591
627,591
627,591
627,591
627,591
627,591
627,591
627,590
627,590
627,590
627,590
627,590
627,590
627,590
627,589
627,589
628,589
628,589
628,589
628,589
628,589
628,589
628,588
628,588
628,588
628,588
628,588
628,588
628,588
628,587
628,587
628,587
629,587
629,587
629,587
629,587
629,586
629,586
629,586
629,586
629,586
629,586
629,586
629,585
629,585
629,585
629,585
629,585
629,585
630,585
630,585
630,584
630,584
630,584
630,584
630,584
630,584
630,584
630,583
630,583
630,583
630,583
630,583
630,583
630,583
631,582
631,582
631,582
631,582
631,582
631,582
631,582
631,582
631,581
631,581
631,581
631,581
631,581
631,581
631,581
631,580
632,580
632,580
632,580
632,580
632,580
632,580
632,579
632,579
632,579
632,579
632,579
632,579
632,579
632,578
632,578
632,578
633,578
633,578
633,578
633,578
633,577
633,577
633,577
633,577
633,577
633,577
633,577
633,576
633,576
633,576
633,576
633,576
634,576
634,576
634,576
634,575
634,575
634,575
634,575
634,575
634,575
634,575
634,574
634,574
634,574
634,574
634,574
634,574
635,574
635,573
635,573
635,573
635,573
635,573
635,573
635,573
635,572
635,572
635,572
635,572
635,572
635,572
635,572
635,571
635,571
636,571
636,571
636,571
636,571
636,571
636,571
636,570
636,570
636,570
636,570
636,570
636,570
636,570
636,569
636,569
636,569
637,569
637,569
637,569
637,569
637,568
637,568
637,568
637,568
637,568
637,568
637,568
637,567
637,567
637,567
637,567
637,567
637,567
638,567
638,566
638,566
638,566
638,566
638,566
638,566
638,566
638,565
638,565
638,565
638,565
638,565
638,565
638,565
638,564
639,564
639,564
639,564
639,564
639,564
639,564
639,563
639,563
639,563
639,563
639,563
639,563
639,563
639,562
639,562
639,562
640,562
640,562
640,562
640,562
640,561
640,561
640,561
640,561
640,561
640,561
640,561
640,560
640,560
640,560
640,560
640,560
640,560
641,560
641,560
641,559
641,559
641,559
641,559
641,559
641,559
641,558
641,558
641,558
641,558
641,558
641,558
641,558
641,558
641,557
642,557
642,557
642,557
642,557
642,557
642,557
642,556
642,556
642,556
642,556
642,556
642,556
642,555
642,555
642,555
642,555
643,555
643,555
643,555
643,555
643,554
643,554
643,554
643,554
643,554
643,554
643,553
643,553
643,553
643,553
643,553
643,553
643,553
644,553
644,552
644,552
644,552
644,552
644,552
644,552
644,551
644,551
644,551
644,551
644,551
644,551
644,551
644,550
644,550
645,550
645,550
645,550
645,550
645,550
645,550
645,549
645,549
645,549
645,549
645,549
645,549
645,548
645,548
645,548
645,548
645,548
646,548
646,548
646,547
646,547
646,547
646,547
646,547
646,547
646,547
646,546
646,546
646,546
646,546
646,546
646,546
646,546
646,545
647,545
647,545
647,545
647,545
647,545
647,545
647,544
647,544
647,544
647,544
647,544
647,544
647,544
647,543
647,543
647,543
648,543
648,543
648,543
648,543
648,542
648,542
648,542
648,542
648,542
648,542
648,542
648,541
648,541
648,541
648,541
648,541
648,541
649,541
649,540
649,540
649,540
649,540
649,540
649,540
649,539
649,539
649,539
649,539
649,539
649,539
649,539
649,538
649,538
649,538
650,538
650,538
650,538
650,538
650,537
650,537
650,537
650,537
650,537
650,537
650,537
650,536
650,536
650,536
650,536
650,536
650,536
651,536
651,535
651,535
651,535
651,535
651,535
651,535
651,535
651,534
651,534
651,534
651,534
651,534
651,534
651,533
651,533
651,533
652,533
652,533
652,533
652,533
652,532
652,532
652,532
652,532
652,532
652,532
652,532
652,531
652,531
652,531
652,531
652,531
652,531
653,531
653,530
653,530
653,530
653,530
653,530
653,530
653,530
653,529
653,529
653,529
653,529
653,529
653,529
653,528
653,528
653,528
654,528
654,528
654,528
654,528
654,527
654,527
654,527
654,527
654,527
654,527
654,527
654,526
654,526
654,526
654,526
654,526
654,526
655,526
655,525
655,525
655,525
655,525
655,525
655,525
655,525
655,524
655,524
655,524
655,524
655,524
655,524
655,523
655,523
655,523
656,523
656,523
656,523
656,523
656,522
656,522
656,522
656,522
656,522
656,522
656,522
656,521
656,521
656,521
656,521
656,521
656,521
657,520
657,520
657,520
657,520
657,520
657,520
657,520
657,519
657,519
657,519
657,519
657,519
657,519
657,519
657,518
657,518
657,518
658,518
658,518
658,518
658,517
658,517
658,517
658,517
658,517
658,517
658,517
658,516
658,516
658,516
658,516
658,516
658,516
658,516
659,515
659,515
659,515
659,515
659,515
659,515
659,514
659,514
659,514
659,514
659,514
659,514
659,514
659,513
659,513
659,513
659,513
659,513
660,513
660,513
660,512
660,512
660,512
660,512
660,512
660,512
660,512
660,511
660,511
660,511
660,511
660,511
660,511
660,510
660,510
661,510
661,510
661,510
661,510
661,510
661,509
661,509
661,509
661,509
661,509
661,509
661,508
661,508
661,508
661,508
661,508
661,508
662,508
662,507
662,507
662,507
662,507
662,507
662,507
662,507
662,506
662,506
662,506
662,506
662,506
662,506
662,505
662,505
662,505
662,505
663,505
663,505
663,505
663,504
663,504
663,504
663,504
663,504
663,504
663,503
663,503
663,503
663,503
663,503
663,503
663,503
663,502
664,502
664,502
664,502
664,502
664,502
664,502
664,501
664,501
664,501
664,501
664,501
664,501
664,500
664,500
664,500
664,500
664,500
664,500
665,500
665,499
665,499
665,499
665,499
665,499
665,499
665,498
665,498
665,498
665,498
665,498
665,498
665,498
665,497
665,497
665,497
666,497
666,497
666,497
666,497
666,496
666,496
666,496
666,496
666,496
666,496
666,495
666,495
666,495
666,495
666,495
666,495
666,495
666,494
667,494
667,494
667,494
667,494
667,494
667,493
667,493
667,493
667,493
667,493
667,493
667,493
667,492
667,492
667,492
667,492
667,492
668,492
668,491
668,491
668,491
668,491
668,491
668,491
668,491
668,490
668,490
668,490
668,490
668,490
668,490
668,489
668,489
668,489
668,489
669,489
669,489
669,489
669,488
669,488
669,488
669,488
669,488
669,488
669,487
669,487
669,487
669,487
669,487
669,487
669,487
669,486
669,486
670,486
670,486
670,486
670,486
670,485
670,485
670,485
670,485
670,485
670,485
670,485
670,484
670,484
670,484
670,484
670,484
670,484
670,483
671,483
671,483
671,483
671,483
671,483
671,483
671,482
671,482
671,482
671,482
671,482
671,482
671,482
671,481
671,481
671,481
671,481
672,481
672,481
672,480
672,480
672,480
672,480
672,480
672,480
672,479
672,479
672,479
672,479
672,479
672,479
672,479
672,478
672,478
672,478
673,478
673,478
673,478
673,477
673,477
673,477
673,477
673,477
673,477
673,477
673,476
673,476
673,476
673,476
673,476
673,476
673,475
673,475
674,475
674,475
674,475
674,475
674,475
674,474
674,474
674,474
674,474
674,474
674,474
674,473
674,473
674,473
674,473
674,473
674,473
674,473
675,472
675,472
675,472
675,472
675,472
675,472
675,471
675,471
675,471
675,471
675,471
675,471
675,470
675,470
675,470
675,470
675,470
675,470
676,470
676,469
676,469
676,469
676,469
676,469
676,469
676,468
676,468
676,468
676,468
676,468
676,468
676,467
676,467
676,467
676,467
676,467
677,467
677,467
677,466
677,466
677,466
677,466
677,466
677,466
677,465
677,465
677,465
677,465
677,465
677,465
677,465
677,464
677,464
677,464
678,464
678,464
678,464
678,463
678,463
678,463
678,463
678,463
678,463
678,462
678,462
678,462
678,462
678,462
678,462
678,462
678,461
678,461
679,461
679,461
679,461
679,461
679,460
679,460
679,460
679,460
679,460
679,460
679,460
679,459
679,459
679,459
679,459
679,459
679,459
679,458
680,458
680,458
680,458
680,458
680,458
680,457
680,457
680,457
680,457
680,457
680,457
680,457
680,456
680,456
680,456
680,456
680,456
680,456
681,455
681,455
681,455
681,455
681,455
681,455
681,454
681,454
681,454
681,454
681,454
681,454
681,453
681,453
681,453
681,453
681,453
681,453
682,453
682,452
682,452
682,452
682,452
682,452
682,452
682,451
682,451
682,451
682,451
682,451
682,451
682,451
682,450
682,450
682,450
682,450
682,450
683,450
683,449
683,449
683,449
683,449
683,449
683,449
683,448
683,448
683,448
683,448
683,448
683,448
683,448
683,447
683,447
683,447
683,447
684,447
684,447
684,446
684,446
684,446
684,446
684,446
684,446
684,445
684,445
684,445
684,445
684,445
684,445
684,444
684,444
684,444
684,444
685,444
685,444
685,444
685,443
685,443
685,443
685,443
685,443
685,443
685,442
685,442
685,442
685,442
685,442
685,442
685,441
685,441
685,441
685,441
686,441
686,441
686,441
686,440
686,440
686,440
686,440
686,440
686,440
686,439
686,439
686,439
686,439
686,439
686,439
686,438
686,438
686,438
687,438
687,438
687,438
687,437
687,437
687,437
687,437
687,437
687,437
687,437
687,436
687,436
687,436
687,436
687,436
687,436
687,435
687,435
687,435
688,435
688,435
688,435
688,434
688,434
688,434
688,434
688,434
688,434
688,433
688,433
688,433
688,433
688,433
688,433
688,432
688,432
688,432
688,432
689,432
689,432
689,432
689,431
689,431
689,431
689,431
689,431
689,431
689,430
689,430
689,430
689,430
689,430
689,430
689,429
689,429
689,429
690,429
690,429
690,429
690,428
690,428
690,428
690,428
690,428
690,428
690,428
690,427
690,427
690,427
690,427
690,427
690,427
690,426
690,426
690,426
691,426
691,426
691,426
691,425
691,425
691,425
691,425
691,425
691,425
691,424
691,424
691,424
691,424
691,424
691,424
691,423
691,423
691,423
691,423
692,423
692,423
692,423
692,422
692,422
692,422
692,422
692,422
692,422
692,421
692,421
692,421
692,421
692,421
692,421
692,420
692,420
692,420
693,420
693,420
693,420
693,419
693,419
693,419
693,419
693,419
693,419
693,418
693,418
693,418
693,418
693,418
693,418
693,417
693,417
693,417
693,417
694,417
694,417
694,417
694,416
694,416
694,416
694,416
694,416
694,416
694,415
694,415
694,415
694,415
694,415
694,415
694,414
694,414
694,414
694,414
695,414
695,414
695,413
695,413
695,413
695,413
695,413
695,413
695,412
695,412
695,412
695,412
695,412
695,412
695,411
695,411
695,411
695,411
695,411
696,411
696,410
696,410
696,410
696,410
696,410
696,410
696,410
696,409
696,409
696,409
696,409
696,409
696,409
696,408
696,408
696,408
696,408
696,408
697,408
697,407
697,407
697,407
697,407
697,407
697,407
697,406
697,406
697,406
697,406
697,406
697,406
697,405
697,405
697,405
697,405
697,405
697,405
698,404
698,404
698,404
698,404
698,404
698,404
698,403
698,403
698,403
698,403
698,403
698,403
698,403
698,402
698,402
698,402
698,402
698,402
698,401
699,401
699,401
699,401
699,401
699,401
699,401
699,400
699,400
699,400
699,400
699,400
699,400
699,399
699,399
699,399
699,399
699,399
699,399
699,398
700,398
700,398
700,398
700,398
700,398
700,397
700,397
700,397
700,397
700,397
700,397
700,396
700,396
700,396
700,396
700,396
700,396
700,395
700,395
701,395
701,395
701,395
701,395
701,394
701,394
701,394
701,394
701,394
701,394
701,393
701,393
701,393
701,393
701,393
701,393
701,392
701,392
701,392
702,392
702,392
702,392
702,391
702,391
702,391
702,391
702,391
702,391
702,391
702,390
702,390
702,390
702,390
702,390
702,390
702,389
702,389
702,389
702,389
703,389
703,389
703,388
703,388
703,388
703,388
703,388
703,388
703,387
703,387
703,387
703,387
703,387
703,387
703,386
703,386
703,386
703,386
703,386
704,386
704,385
704,385
704,385
704,385
704,385
704,385
704,384
704,384
704,384
704,384
704,384
704,384
704,383
704,383
704,383
704,383
704,383
704,383
704,382
705,382
705,382
705,382
705,382
705,382
705,381
705,381
705,381
705,381
705,381
705,381
705,380
705,380
705,380
705,380
705,380
705,380
705,379
705,379
706,379
706,379
706,379
706,379
706,378
706,378
706,378
706,378
706,378
706,378
706,377
706,377
706,377
706,377
706,377
706,377
706,376
706,376
706,376
707,376
707,376
707,376
707,375
707,375
707,375
707,375
707,375
707,375
707,374
707,374
707,374
707,374
707,374
707,374
707,373
707,373
707,373
707,373
707,373
708,373
708,372
708,372
708,372
708,372
708,372
708,372
708,371
708,371
708,371
708,371
708,371
708,371
708,370
708,370
708,370
708,370
708,370
708,370
709,369
709,369
709,369
709,369
709,369
709,369
709,368
709,368
709,368
709,368
709,368
709,368
709,367
709,367
709,367
709,367
709,367
709,367
709,366
709,366
710,366
710,366
710,366
710,366
710,365
710,365
710,365
710,365
710,365
710,365
710,364
710,364
710,364
710,364
710,364
710,364
710,363
710,363
710,363
710,363
711,363
711,363
711,362
711,362
711,362
711,362
711,362
711,362
711,361
711,361
711,361
711,361
711,361
711,361
711,360
711,360
711,360
711,360
711,360
711,360
712,359
712,359
712,359
712,359
712,359
712,359
712,358
712,358
712,358
712,358
712,358
712,358
712,357
712,357
712,357
712,357
712,357
712,357
712,356
712,356
713,356
713,356
713,356
713,355
713,355
713,355
713,355
713,355
713,355
713,355
713,354
713,354
713,354
713,354
713,354
713,353
713,353
713,353
713,353
714,353
714,353
714,352
714,352
714,352
714,352
714,352
714,352
714,351
714,351
714,351
714,351
714,351
714,351
714,350
714,350
714,350
714,350
714,350
714,350
715,349
715,349
715,349
715,349
715,349
715,349
715,348
715,348
715,348
715,348
715,348
715,348
715,347
715,347
715,347
715,347
715,347
715,347
715,346
715,346
716,346
716,346
716,346
716,346
716,345
716,345
716,345
716,345
716,345
716,345
716,344
716,344
716,344
716,344
716,344
716,344
716,343
716,343
716,343
716,343
717,343
717,342
717,342
717,342
717,342
717,342
717,342
717,341
717,341
717,341
717,341
717,341
717,341
717,340
717,340
717,340
717,340
717,340
717,340
717,339
718,339
718,339
718,339
718,339
718,339
718,338
718,338
718,338
718,338
718,338
718,338
718,337
718,337
718,337
718,337
718,337
718,337
718,336
718,336
718,336
719,336
719,336
719,336
719,335
719,335
719,335
719,335
719,335
719,335
719,334
719,334
719,334
719,334
719,334
719,333
719,333
719,333
719,333
719,333
719,333
719,332
720,332
720,332
720,332
720,332
720,332
720,331
720,331
720,331
720,331
720,331
720,331
720,330
720,330
720,330
720,330
720,330
720,330
720,329
720,329
720,329
721,329
721,329
721,329
721,328
721,328
721,328
721,328
721,328
721,328
721,327
721,327
721,327
721,327
721,327
721,327
721,326
721,326
721,326
721,326
721,326
722,326
722,325
722,325
722,325
722,325
722,325
722,324
722,324
722,324
722,324
722,324
722,324
722,323
722,323
722,323
722,323
722,323
722,323
722,322
722,322
722,322
723,322
723,322
723,322
723,321
723,321
723,321
723,321
723,321
723,321
723,320
723,320
723,320
723,320
723,320
723,319
723,319
723,319
723,319
723,319
723,319
724,318
724,318
724,318
724,318
724,318
724,318
724,317
724,317
724,317
724,317
724,317
724,317
724,316
724,316
724,316
724,316
724,316
724,316
724,315
724,315
725,315
725,315
725,315
725,315
725,314
725,314
725,314
725,314
725,314
725,314
725,313
725,313
725,313
725,313
725,313
725,312
725,312
725,312
725,312
725,312
725,312
726,311
726,311
726,311
726,311
726,311
726,311
726,310
726,310
726,310
726,310
726,310
726,310
726,309
726,309
726,309
726,309
726,309
726,308
726,308
726,308
726,308
727,308
727,308
727,307
727,307
727,307
727,307
727,307
727,307
727,306
727,306
727,306
727,306
727,306
727,306
727,305
727,305
727,305
727,305
727,305
727,305
728,304
728,304
728,304
728,304
728,304
728,304
728,303
728,303
728,303
728,303
728,303
728,302
728,302
728,302
728,302
728,302
728,302
728,301
728,301
728,301
728,301
729,301
729,301
729,300
729,300
729,300
729,300
729,300
729,300
729,299
729,299
729,299
729,299
729,299
729,299
729,298
729,298
729,298
729,298
729,298
729,297
729,297
730,297
730,297
730,297
730,297
730,296
730,296
730,296
730,296
730,296
730,296
730,295
730,295
730,295
730,295
730,295
730,295
730,294
730,294
730,294
730,294
730,294
731,293
731,293
731,293
731,293
731,293
731,293
731,292
731,292
731,292
731,292
731,292
731,292
731,291
731,291
731,291
731,291
731,291
731,291
731,290
731,290
732,290
732,290
732,290
732,289
732,289
732,289
732,289
732,289
732,289
732,288
732,288
732,288
732,288
732,288
732,288
732,287
732,287
732,287
732,287
732,287
732,287
732,286
733,286
733,286
733,286
733,286
733,285
733,285
733,285
733,285
733,285
733,285
733,284
733,284
733,284
733,284
733,284
733,284
733,283
733,283
733,283
733,283
733,283
734,283
734,282
734,282
734,282
734,282
734,282
734,282
734,281
734,281
734,281
734,281
734,281
734,280
734,280
734,280
734,280
734,280
734,280
734,279
734,279
734,279
735,279
735,279
735,279
735,278
735,278
735,278
735,278
735,278
735,277
735,277
735,277
735,277
735,277
735,277
735,276
735,276
735,276
735,276
735,276
735,276
735,275
736,275
736,275
736,275
736,275
736,275
736,274
736,274
736,274
736,274
736,274
736,273
736,273
736,273
736,273
736,273
736,273
736,272
736,272
736,272
736,272
736,272
737,272
737,271
737,271
737,271
737,271
737,271
737,270
737,270
737,270
737,270
737,270
737,270
737,269
737,269
737,269
737,269
737,269
737,269
737,268
737,268
737,268
738,268
738,268
738,267
738,267
738,267
738,267
738,267
738,267
738,266
738,266
738,266
738,266
738,266
738,266
738,265
738,265
738,265
738,265
738,265
738,265
738,264
738,264
739,264
739,264
739,264
739,263
739,263
739,263
739,263
739,263
739,263
739,262
739,262
739,262
739,262
739,262
739,262
739,261
739,261
739,261
739,261
739,261
739,260
740,260
740,260
740,260
740,260
740,260
740,259
740,259
740,259
740,259
740,259
740,259
740,258
740,258
740,258
740,258
740,258
740,257
740,257
740,257
740,257
740,257
740,257
741,256
741,256
741,256
741,256
741,256
741,256
741,255
741,255
741,255
741,255
741,255
741,255
741,254
741,254
741,254
741,254
741,254
741,253
741,253
741,253
741,253
742,253
742,253
742,252
742,252
742,252
742,252
742,252
742,251
742,251
742,251
742,251
742,251
742,251
742,250
742,250
742,250
742,250
742,250
742,250
742,249
742,249
742,249
743,249
743,249
743,248
743,248
743,248
743,248
743,248
743,248
743,247
743,247
743,247
743,247
743,247
743,247
743,246
743,246
743,246
743,246
743,246
743,246
743,245
744,245
744,245
744,245
744,245
744,244
744,244
744,244
744,244
744,244
744,244
744,243
744,243
744,243
744,243
744,243
744,242
744,242
744,242
744,242
744,242
744,242
744,241
745,241
745,241
745,241
745,241
745,241
745,240
745,240
745,240
745,240
745,240
745,239
745,239
745,239
745,239
745,239
745,239
745,238
745,238
745,238
745,238
745,238
745,238
746,237
746,237
746,237
746,237
746,237
746,236
746,236
746,236
746,236
746,236
746,236
746,235
746,235
746,235
746,235
746,235
746,235
746,234
746,234
746,234
746,234
746,234
747,233
747,233
747,233
747,233
747,233
747,233
747,232
747,232
747,232
747,232
747,232
747,232
747,231
747,231
747,231
747,231
747,231
747,230
747,230
747,230
747,230
747,230
748,230
748,229
748,229
748,229
748,229
748,229
748,228
748,228
748,228
748,228
748,228
748,228
748,227
748,227
748,227
748,227
748,227
748,226
748,226
748,226
748,226
748,226
749,226
749,225
749,225
749,225
749,225
749,225
749,225
749,224
749,224
749,224
749,224
749,224
749,223
749,223
749,223
749,223
749,223
749,223
749,222
749,222
749,222
749,222
750,222
750,222
750,221
750,221
750,221
750,221
750,221
750,220
750,220
750,220
750,220
750,220
750,220
750,219
750,219
750,219
750,219
750,219
750,218
750,218
750,218
750,218
751,218
751,218
751,217
751,217
751,217
751,217
751,217
751,217
751,216
751,216
751,216
751,216
751,216
751,215
751,215
751,215
751,215
751,215
751,215
751,214
751,214
751,214
752,214
752,214
752,213
752,213
752,213
752,213
752,213
752,213
752,212
752,212
752,212
752,212
752,212
752,212
752,211
752,211
752,211
752,211
752,211
752,210
752,210
752,210
753,210
753,210
753,210
753,209
753,209
753,209
753,209
753,209
753,208
753,208
753,208
753,208
753,208
753,208
753,207
753,207
753,207
753,207
753,207
753,207
753,206
753,206
753,206
754,206
754,206
754,205
754,205
754,205
754,205
754,205
754,205
754,204
754,204
754,204
754,204
754,204
754,203
754,203
754,203
754,203
754,203
754,203
754,202
754,202
754,202
755,202
755,202
755,201
755,201
755,201
755,201
755,201
755,201
755,200
755,200
755,200
755,200
755,200
755,200
755,199
755,199
755,199
755,199
755,199
755,198
755,198
755,198
755,198
756,198
756,198
756,197
756,197
756,197
756,197
756,197
756,196
756,196
756,196
756,196
756,196
756,196
756,195
756,195
756,195
756,195
756,195
756,194
756,194
756,194
756,194
757,194
757,194
757,193
757,193
757,193
757,193
757,193
757,192
757,192
757,192
757,192
757,192
757,192
757,191
757,191
757,191
757,191
757,191
757,191
757,190
757,190
757,190
757,190
758,190
758,189
758,189
758,189
758,189
758,189
758,189
758,188
758,188
758,188
758,188
758,188
758,187
758,187
758,187
758,187
758,187
758,187
758,186
758,186
758,186
758,186
758,186
759,185
759,185
759,185
759,185
759,185
759,185
759,184
759,184
759,184
759,184
759,184
759,183
759,183
759,183
759,183
759,183
759,183
759,182
759,182
759,182
759,182
759,182
759,181
760,181
760,181
760,181
760,181
760,181
760,180
760,180
760,180
760,180
760,180
760,179
760,179
760,179
760,179
760,179
760,179
760,178
760,178
760,178
760,178
760,178
760,177
761,177
761,177
761,177
761,177
761,177
761,176
761,176
761,176
761,176
761,176
761,175
761,175
761,175
761,175
761,175
761,175
761,174
761,174
761,174
761,174
761,174
761,173
761,173
762,173
762,173
762,173
762,173
762,172
762,172
762,172
762,172
762,172
762,171
762,171
762,171
762,171
762,171
762,171
762,170
762,170
762,170
762,170
762,170
762,169
762,169
762,169
762,169
763,169
763,169
763,168
763,168
763,168
763,168
763,168
763,167
763,167
763,167
763,167
763,167
763,167
763,166
763,166
763,166
763,166
763,166
763,166
763,165
763,165
763,165
764,165
764,165
764,164
764,164
764,164
764,164
764,164
764,164
764,163
764,163
764,163
764,163
764,163
764,162
764,162
764,162
764,162
764,162
764,161
764,161
764,161
764,161
764,161
764,161
765,160
765,160
765,160
765,160
765,160
765,159
765,159
765,159
765,159
765,159
765,159
765,158
765,158
765,158
765,158
765,158
765,157
765,157
765,157
765,157
765,157
765,157
765,156
766,156
766,156
766,156
766,156
766,155
766,155
766,155
766,155
766,155
766,155
766,154
766,154
766,154
766,154
766,154
766,153
766,153
766,153
766,153
766,153
766,153
766,152
766,152
767,152
767,152
767,152
767,151
767,151
767,151
767,151
767,151
767,151
767,150
767,150
767,150
767,150
767,150
767,149
767,149
767,149
767,149
767,149
767,149
767,148
767,148
767,148
767,148
768,148
768,147
768,147
768,147
768,147
768,147
768,147
768,146
768,146
768,146
768,146
768,146
768,145
768,145
768,145
768,145
768,145
768,144
768,144
768,144
768,144
768,144
768,144
769,143
769,143
769,143
769,143
769,143
769,142
769,142
769,142
769,142
769,142
769,142
769,141
769,141
769,141
769,141
769,141
769,140
769,140
769,140
769,140
769,140
769,140
769,139
769,139
770,139
770,139
770,139
770,138
770,138
770,138
770,138
770,138
770,138
770,137
770,137
770,137
770,137
770,137
770,136
770,136
770,136
770,136
770,136
770,136
770,135
770,135
770,135
771,135
771,135
771,134
771,134
771,134
771,134
771,134
771,133
771,133
771,133
771,133
771,133
771,133
771,132
771,132
771,132
771,132
771,132
771,132
771,131
771,131
771,131
771,131
771,131
772,130
772,130
772,130
772,130
772,130
772,129
772,129
772,129
772,129
772,129
772,129
772,128
772,128
772,128
772,128
772,128
772,127
772,127
772,127
772,127
772,127
772,126
772,126
772,126
773,126
773,126
773,126
773,125
773,125
773,125
773,125
773,125
773,125
773,124
773,124
773,124
773,124
773,124
773,123
773,123
773,123
773,123
773,123
773,122
773,122
773,122
773,122
774,122
774,122
774,121
774,121
774,121
774,121
774,121
774,120
774,120
774,120
774,120
774,120
774,120
774,119
774,119
774,119
774,119
774,119
774,118
774,118
774,118
774,118
774,118
774,117
774,117
775,117
775,117
775,117
775,117
775,116
775,116
775,116
775,116
775,116
775,115
775,115
775,115
775,115
775,115
775,115
775,114
775,114
775,114
775,114
775,114
775,113
775,113
775,113
775,113
776,113
776,112
776,112
776,112
776,112
776,112
776,112
776,111
776,111
776,111
776,111
776,111
776,110
776,110
776,110
776,110
776,110
776,110
776,109
776,109
776,109
776,109
776,109
776,108
777,108
777,108
777,108
777,108
777,108
777,107
777,107
777,107
777,107
777,107
777,106
777,106
777,106
777,106
777,106
777,105
777,105
777,105
777,105
777,105
777,105
777,104
777,104
777,104
778,104
778,104
778,103
778,103
778,103
778,103
778,103
778,103
778,102
778,102
778,102
778,102
778,102
778,101
778,101
778,101
778,101
778,101
778,100
778,100
778,100
778,100
778,100
778,100
779,99
779,99
779,99
779,99
779,99
779,98
779,98
779,98
779,98
779,98
779,98
779,97
779,97
779,97
779,97
779,97
779,96
779,96
779,96
779,96
779,96
779,95
779,95
779,95
779,95
780,95
780,95
780,94
780,94
780,94
780,94
780,94
780,93
780,93
780,93
780,93
780,93
780,92
780,92
780,92
780,92
780,92
780,92
780,91
780,91
780,91
780,91
780,91
780,90
781,90
781,90
781,90
781,90
781,90
781,89
781,89
781,89
781,89
781,89
781,88
781,88
781,88
781,88
781,88
781,87
781,87
781,87
781,87
781,87
781,87
781,86
781,86
781,86
781,86
782,86
782,85
782,85
782,85
782,85
782,85
782,85
782,84
782,84
782,84
782,84
782,84
782,83
782,83
782,83
782,83
782,83
782,82
782,82
782,82
782,82
782,82
782,82
782,81
783,81
783,81
783,81
783,81
783,80
783,80
783,80
783,80
783,80
783,79
783,79
783,79
783,79
783,79
783,79
783,78
783,78
783,78
783,78
783,78
783,77
783,77
783,77
783,77
783,77
784,76
784,76
784,76
784,76
784,76
784,76
784,75
784,75
784,75
784,75
784,75
784,74
784,74
784,74
784,74
784,74
784,73
784,73
784,73
784,73
784,73
784,73
784,72
784,72
784,72
785,72
785,72
785,71
785,71
785,71
785,71
785,71
785,71
785,70
785,70
785,70
785,70
785,70
785,69
785,69
785,69
785,69
785,69
785,68
785,68
785,68
785,68
785,68
785,67
785,67
786,67
786,67
786,67
786,67
786,66
786,66
786,66
786,66
786,66
786,65
786,65
786,65
786,65
786,65
786,65
786,64
786,64
786,64
786,64
786,64
786,63
786,63
786,63
786,63
786,63
787,62
787,62
787,62
787,62
787,62
787,62
787,61
787,61
787,61
787,61
787,61
787,60
787,60
787,60
787,60
787,60
787,59
787,59
787,59
787,59
787,59
787,59
787,58
787,58
787,58
788,58
788,58
788,57
788,57
788,57
788,57
788,57
788,56
788,56
788,56
788,56
788,56
788,56
788,55
788,55
788,55
788,55
788,55
788,54
788,54
788,54
788,54
788,54
788,53
788,53
789,53
789,53
789,53
789,53
789,52
789,52
789,52
789,52
789,52
789,51
789,51
789,51
789,51
789,51
789,50
789,50
789,50
789,50
789,50
789,50
789,49
789,49
789,49
789,49
789,49
790,48
790,48
790,48
790,48
790,48
790,47
790,47
790,47
790,47
790,47
790,47
790,46
790,46
790,46
790,46
790,46
790,45
790,45
790,45
790,45
790,45
790,44
790,44
790,44
790,44
790,44
791,44
791,43
791,43
791,43
791,43
791,43
791,42
791,42
791,42
791,42
791,42
791,41
791,41
791,41
791,41
791,41
791,41
791,40
791,40
791,40
791,40
791,40
791,39
791,39
791,39
791,39
792,39
792,38
792,38
792,38
792,38
792,38
792,37
792,37
792,37
792,37
792,37
792,37
792,36
792,36
792,36
792,36
792,36
792,35
792,35
792,35
792,35
792,35
792,34
792,34
792,34
793,34
793,34
793,33
793,33
793,33
793,33
793,33
793,33
793,32
793,32
793,32
793,32
793,32
793,31
793,31
793,31
793,31
793,31
793,30
793,30
793,30
793,30
793,30
793,30
793,29
793,29
794,29
794,29
794,29
794,28
794,28
794,28
794,28
794,28
794,27
794,27
794,27
794,27
794,27
794,27
794,26
794,26
794,26
794,26
794,26
794,25
794,25
794,25
794,25
794,25
794,24
795,24
795,24
795,24
795,24
795,24
795,23
795,23
795,23
795,23
795,23
795,22
795,22
795,22
795,22
795,22
795,21
795,21
795,21
795,21
795,21
795,20
795,20
795,20
795,20
795,20
795,20
796,19
796,19
796,19
796,19
796,19
796,18
796,18
796,18
796,18
796,18
796,17
796,17
796,17
796,17
796,17
796,17
796,16
796,16
796,16
796,16
796,16
796,15
796,15
796,15
796,15
796,15
797,14
797,14
797,14
797,14
797,14
797,13
797,13
797,13
797,13
797,13
797,13
797,12
797,12
797,12
797,12
797,12
797,11
797,11
797,11
797,11
797,11
797,10
797,10
797,10
797,10
797,10
798,9
798,9
798,9
798,9
798,9
798,9
798,8
798,8
798,8
798,8
798,8
798,7
798,7
798,7
798,7
798,7
798,6
798,6
798,6
798,6
798,6
798,5
798,5
798,5
798,5
798,5
798,5
799,4
799,4
799,4
799,4
799,4
799,3
799,3
799,3
799,3
799,3
799,2
799,2
799,2
799,2
799,2
799,1
799,1
799,1
799,1
799,1
799,1
799,0
799,0
799,0
799,0
799,0
